family,name,weight,area,d,bf,tw,tf,od,tnom,ix,zx,sx,rx,iy,zy,sy,ry,j,cw
C,C10X15_3,15.3,4.48,10.0,2.6,0.24,0.436,,,67.3,15.9,13.5,3.88,2.27,2.34,1.15,0.711,0.209,45.5
C,C10X20,20.0,5.87,10.0,2.74,0.379,0.436,,,78.9,19.4,15.8,3.67,2.8,2.7,1.31,0.69,0.368,56.9
C,C10X25,25.0,7.35,10.0,2.89,0.526,0.436,,,91.1,23.1,18.2,3.52,3.34,3.18,1.47,0.675,0.687,68.3
C,C10X30,30.0,8.81,10.0,3.03,0.673,0.436,,,103.0,26.7,20.7,3.43,3.93,3.78,1.65,0.668,1.22,79.5
C,C12X20_7,20.7,6.08,12.0,2.94,0.282,0.501,,,129.0,25.6,21.5,4.61,3.86,3.47,1.72,0.797,0.369,112.0
C,C12X25,25.0,7.34,12.0,3.05,0.387,0.501,,,144.0,29.4,24.0,4.43,4.45,3.82,1.87,0.779,0.538,130.0
C,C12X30,30.0,8.81,12.0,3.17,0.51,0.501,,,162.0,33.8,27.0,4.29,5.12,4.32,2.05,0.762,0.861,151.0
C,C15X33_9,33.9,10.0,15.0,3.4,0.4,0.65,,,315.0,50.8,42.0,5.61,8.07,6.19,3.09,0.901,1.01,358.0
C,C15X40,40.0,11.8,15.0,3.52,0.52,0.65,,,348.0,57.5,46.5,5.43,9.17,6.84,3.34,0.883,1.45,410.0
C,C15X50,50.0,14.7,15.0,3.72,0.716,0.65,,,404.0,68.5,53.8,5.24,11.0,8.14,3.77,0.865,2.65,492.0
C,C3X3_5,3.5,1.09,3.0,1.37,0.132,0.273,,,1.57,1.24,1.04,1.2,0.169,0.364,0.182,0.394,0.0226,0.276
C,C3X4_1,4.1,1.2,3.0,1.41,0.17,0.273,,,1.65,1.32,1.1,1.18,0.191,0.399,0.196,0.398,0.0269,0.307
C,C3X5,5.0,1.47,3.0,1.5,0.258,0.273,,,1.85,1.52,1.23,1.12,0.241,0.464,0.228,0.405,0.0425,0.379
C,C3X6,6.0,1.76,3.0,1.6,0.356,0.273,,,2.07,1.74,1.38,1.09,0.3,0.543,0.263,0.413,0.0725,0.462
C,C4X4_5,4.5,1.34,4.0,1.52,0.125,0.296,,,3.53,2.05,1.77,1.62,0.265,0.495,0.253,0.445,0.0306,0.778
C,C4X5_4,5.4,1.58,4.0,1.58,0.184,0.296,,,3.85,2.29,1.92,1.56,0.312,0.565,0.277,0.444,0.0399,0.921
C,C4X6_25,6.25,1.84,4.0,1.65,0.247,0.296,,,4.19,2.55,2.1,1.51,0.374,0.623,0.312,0.451,0.0549,1.07
C,C4X7_25,7.25,2.13,4.0,1.72,0.321,0.296,,,4.58,2.84,2.29,1.47,0.425,0.695,0.337,0.447,0.0817,1.24
C,C5X6_7,6.7,1.97,5.0,1.75,0.19,0.32,,,7.48,3.55,2.99,1.95,0.47,0.757,0.372,0.489,0.0549,2.22
C,C5X9,9.0,2.64,5.0,1.89,0.325,0.32,,,8.89,4.39,3.56,1.84,0.624,0.913,0.444,0.486,0.109,2.93
C,C6X10_5,10.5,3.07,6.0,2.03,0.314,0.343,,,15.1,6.18,5.04,2.22,0.86,1.14,0.561,0.529,0.128,5.91
C,C6X13,13.0,3.82,6.0,2.16,0.437,0.343,,,17.3,7.29,5.78,2.13,1.05,1.35,0.638,0.524,0.237,7.19
C,C6X8_2,8.2,2.39,6.0,1.92,0.2,0.343,,,13.1,5.16,4.35,2.34,0.687,0.987,0.488,0.536,0.0736,4.7
C,C7X12_25,12.25,3.59,7.0,2.19,0.314,0.366,,,24.2,8.46,6.92,2.59,1.16,1.42,0.696,0.568,0.161,11.2
C,C7X14_75,14.75,4.33,7.0,2.3,0.419,0.366,,,27.2,9.75,7.78,2.51,1.37,1.63,0.772,0.561,0.267,13.1
C,C7X9_8,9.8,2.87,7.0,2.09,0.21,0.366,,,21.2,7.19,6.07,2.72,0.957,1.26,0.617,0.578,0.0996,9.15
C,C8X11_5,11.5,3.37,8.0,2.26,0.22,0.39,,,32.5,9.63,8.14,3.11,1.31,1.57,0.775,0.623,0.13,16.5
C,C8X13_75,13.75,4.03,8.0,2.34,0.303,0.39,,,36.1,11.0,9.02,2.99,1.52,1.73,0.848,0.613,0.186,19.2
C,C8X18_75,18.75,5.51,8.0,2.53,0.487,0.39,,,43.9,13.9,11.0,2.82,1.97,2.17,1.01,0.598,0.434,25.1
C,C9X13_4,13.4,3.94,9.0,2.43,0.233,0.413,,,47.8,12.6,10.6,3.48,1.75,1.94,0.954,0.666,0.168,28.2
C,C9X15,15.0,4.4,9.0,2.49,0.285,0.413,,,51.0,13.6,11.3,3.4,1.91,2.04,1.01,0.659,0.208,31.0
C,C9X20,20.0,5.87,9.0,2.65,0.448,0.413,,,60.9,16.9,13.5,3.22,2.41,2.46,1.17,0.64,0.427,39.4
HP,HP10X42,42.0,12.4,9.7,10.1,0.415,0.42,,,210.0,48.3,43.4,4.13,71.7,21.8,14.2,2.41,0.813,1540.0
HP,HP10X57,57.0,16.7,9.99,10.2,0.565,0.565,,,294.0,66.5,58.8,4.18,101.0,30.3,19.7,2.45,1.97,2240.0
HP,HP12X53,53.0,15.5,11.8,12.0,0.435,0.435,,,393.0,74.0,66.7,5.03,127.0,32.2,21.1,2.86,1.12,4080.0
HP,HP12X63,63.0,18.4,11.9,12.1,0.515,0.515,,,472.0,88.3,79.1,5.06,153.0,38.7,25.3,2.88,1.83,5000.0
HP,HP12X74,74.0,21.8,12.1,12.2,0.605,0.61,,,569.0,105.0,93.8,5.11,186.0,46.6,30.4,2.92,2.98,6160.0
HP,HP12X84,84.0,24.6,12.3,12.3,0.685,0.685,,,650.0,120.0,106.0,5.14,213.0,53.2,34.6,2.94,4.24,7140.0
HP,HP12X89,89.0,25.9,12.4,12.3,0.72,0.72,,,693.0,127.0,112.0,5.17,224.0,56.0,36.4,2.94,4.92,7640.0
HP,HP14X102,102.0,30.1,14.0,14.8,0.705,0.705,,,1050.0,169.0,150.0,5.92,380.0,78.8,51.4,3.56,5.39,16800.0
HP,HP14X117,117.0,34.4,14.2,14.9,0.805,0.805,,,1220.0,194.0,172.0,5.96,443.0,91.4,59.5,3.59,8.02,19900.0
HP,HP14X73,73.0,21.4,13.6,14.6,0.505,0.505,,,729.0,118.0,107.0,5.84,261.0,54.6,35.8,3.49,2.01,11200.0
HP,HP14X89,89.0,26.1,13.8,14.7,0.615,0.615,,,904.0,146.0,131.0,5.88,326.0,67.7,44.3,3.53,3.59,14200.0
HP,HP16X101,101.0,29.9,15.5,15.8,0.625,0.625,,,1300.0,187.0,168.0,6.59,412.0,80.1,52.2,3.71,5.07,22800.0
HP,HP16X121,121.0,35.8,15.8,15.9,0.75,0.75,,,1590.0,226.0,201.0,6.66,504.0,97.6,63.4,3.75,8.35,28500.0
HP,HP16X141,141.0,41.7,16.0,16.0,0.875,0.875,,,1870.0,264.0,234.0,6.7,599.0,116.0,74.9,3.79,12.9,34300.0
HP,HP16X162,162.0,47.7,16.3,16.1,1.0,1.0,,,2190.0,306.0,269.0,6.78,697.0,134.0,86.6,3.82,18.8,40800.0
HP,HP16X183,183.0,54.1,16.5,16.3,1.13,1.13,,,2510.0,349.0,304.0,6.81,818.0,156.0,100.0,3.89,26.9,48300.0
HP,HP16X88,88.0,25.8,15.3,15.7,0.54,0.54,,,1110.0,161.0,145.0,6.56,349.0,68.2,44.5,3.68,3.45,19000.0
HP,HP18X135,135.0,39.9,17.5,17.8,0.75,0.75,,,2200.0,281.0,251.0,7.43,706.0,122.0,79.3,4.21,9.12,49500.0
HP,HP18X157,157.0,46.2,17.7,17.9,0.87,0.87,,,2570.0,327.0,290.0,7.46,833.0,143.0,93.1,4.25,13.9,59000.0
HP,HP18X181,181.0,53.2,18.0,18.0,1.0,1.0,,,3020.0,379.0,336.0,7.53,974.0,167.0,108.0,4.28,20.7,70400.0
HP,HP18X204,204.0,60.2,18.3,18.1,1.13,1.13,,,3480.0,433.0,380.0,7.6,1120.0,191.0,124.0,4.31,29.5,82500.0
HP,HP8X36,36.0,10.6,8.02,8.16,0.445,0.445,,,119.0,33.6,29.8,3.36,40.3,15.2,9.88,1.95,0.77,578.0
HSS,HSS10X10X1_2,62.46,17.2,10.0,10.0,,,,0.5,256.0,60.7,51.2,3.86,256.0,60.7,51.2,3.86,412.0,
HSS,HSS10X10X1_4,32.63,8.96,10.0,10.0,,,,0.25,141.0,32.7,28.3,3.97,141.0,32.7,28.3,3.97,220.0,
HSS,HSS10X10X3_16,24.73,6.76,10.0,10.0,,,,0.1875,108.0,24.8,21.6,4.0,108.0,24.8,21.6,4.0,167.0,
HSS,HSS10X10X3_4,89.5,24.7,10.0,10.0,,,,0.75,347.0,84.7,69.4,3.75,347.0,84.7,69.4,3.75,578.0,
HSS,HSS10X10X3_8,47.9,13.2,10.0,10.0,,,,0.375,202.0,47.2,40.4,3.92,202.0,47.2,40.4,3.92,320.0,
HSS,HSS10X10X5_16,40.35,11.1,10.0,10.0,,,,0.3125,172.0,40.1,34.5,3.94,172.0,40.1,34.5,3.94,271.0,
HSS,HSS10X10X5_8,76.33,21.0,10.0,10.0,,,,0.625,304.0,73.2,60.8,3.8,304.0,73.2,60.8,3.8,498.0,
HSS,HSS10X2X1_4,19.02,5.24,10.0,2.0,,,,0.25,52.5,14.4,10.5,3.17,3.67,4.26,3.67,0.838,12.2,
HSS,HSS10X2X1_8,9.86,2.7,10.0,2.0,,,,0.125,28.5,7.65,5.7,3.25,2.14,2.33,2.14,0.89,6.9,
HSS,HSS10X2X3_16,14.53,3.98,10.0,2.0,,,,0.1875,41.0,11.1,8.19,3.21,2.97,3.34,2.97,0.864,9.74,
HSS,HSS10X2X3_8,27.48,7.58,10.0,2.0,,,,0.375,71.7,20.3,14.3,3.08,4.7,5.76,4.7,0.787,15.9,
HSS,HSS10X2X5_16,23.34,6.43,10.0,2.0,,,,0.3125,62.6,17.5,12.5,3.12,4.24,5.06,4.24,0.812,14.2,
HSS,HSS10X3X1_4,20.72,5.7,10.0,3.0,,,,0.25,63.6,16.7,12.7,3.34,9.28,6.99,6.19,1.28,27.6,
HSS,HSS10X3X1_8,10.71,2.93,10.0,3.0,,,,0.125,34.2,8.8,6.83,3.42,5.16,3.74,3.44,1.33,14.9,
HSS,HSS10X3X3_16,15.8,4.32,10.0,3.0,,,,0.1875,49.4,12.8,9.87,3.38,7.33,5.41,4.89,1.3,21.5,
HSS,HSS10X3X3_8,30.03,8.27,10.0,3.0,,,,0.375,88.0,23.7,17.6,3.26,12.4,9.73,8.28,1.22,37.8,
HSS,HSS10X3X5_16,25.46,7.01,10.0,3.0,,,,0.3125,76.3,20.3,15.3,3.3,11.0,8.42,7.3,1.25,33.0,
HSS,HSS10X3_1_2X1_4,21.57,5.93,10.0,3.5,,,,0.25,69.1,17.9,13.8,3.41,13.1,8.45,7.51,1.49,37.0,
HSS,HSS10X3_1_2X3_16,16.44,4.5,10.0,3.5,,,,0.1875,53.6,13.7,10.7,3.45,10.3,6.52,5.89,1.51,28.6,
HSS,HSS10X3_1_2X3_8,31.31,8.62,10.0,3.5,,,,0.375,96.1,25.3,19.2,3.34,17.8,11.8,10.2,1.44,51.5,
HSS,HSS10X3_1_2X5_16,26.53,7.3,10.0,3.5,,,,0.3125,83.2,21.7,16.6,3.38,15.6,10.2,8.92,1.46,44.6,
HSS,HSS10X4X1_2,42.05,11.6,10.0,4.0,,,,0.5,129.0,34.1,25.8,3.34,29.5,17.6,14.7,1.59,82.6,
HSS,HSS10X4X1_4,22.42,6.17,10.0,4.0,,,,0.25,74.7,19.0,14.9,3.48,17.7,10.0,8.87,1.7,47.4,
HSS,HSS10X4X1_8,11.56,3.16,10.0,4.0,,,,0.125,39.8,10.0,7.97,3.55,9.65,5.26,4.83,1.75,25.1,
HSS,HSS10X4X3_16,17.08,4.67,10.0,4.0,,,,0.1875,57.8,14.6,11.6,3.52,13.9,7.66,6.93,1.72,36.5,
HSS,HSS10X4X3_8,32.58,8.97,10.0,4.0,,,,0.375,104.0,27.0,20.8,3.41,24.3,14.0,12.1,1.64,66.5,
HSS,HSS10X4X5_16,27.59,7.59,10.0,4.0,,,,0.3125,90.1,23.1,18.0,3.44,21.2,12.1,10.6,1.67,57.3,
HSS,HSS10X4X5_8,50.81,14.0,10.0,4.0,,,,0.625,149.0,40.3,29.9,3.26,33.5,20.6,16.8,1.54,95.7,
HSS,HSS10X5X1_4,24.12,6.63,10.0,5.0,,,,0.25,85.8,21.3,17.2,3.6,29.3,13.2,11.7,2.1,70.7,
HSS,HSS10X5X3_8,35.13,9.67,10.0,5.0,,,,0.375,120.0,30.4,24.1,3.53,40.6,18.7,16.2,2.05,100.0,
HSS,HSS10X5X5_16,29.72,8.17,10.0,5.0,,,,0.3125,104.0,26.0,20.8,3.56,35.2,16.0,14.1,2.07,86.0,
HSS,HSS10X6X1_2,48.85,13.5,10.0,6.0,,,,0.5,171.0,43.0,34.3,3.57,76.8,30.1,25.6,2.39,176.0,
HSS,HSS10X6X1_4,25.82,7.1,10.0,6.0,,,,0.25,96.9,23.6,19.4,3.69,44.1,16.6,14.7,2.49,96.7,
HSS,HSS10X6X3_16,19.63,5.37,10.0,6.0,,,,0.1875,74.6,18.0,14.9,3.73,34.1,12.7,11.4,2.52,73.8,
HSS,HSS10X6X3_8,37.69,10.4,10.0,6.0,,,,0.375,137.0,33.8,27.4,3.63,61.8,23.7,20.6,2.44,139.0,
HSS,HSS10X6X5_16,31.84,8.76,10.0,6.0,,,,0.3125,118.0,28.8,23.5,3.66,53.3,20.2,17.8,2.47,118.0,
HSS,HSS10X6X5_8,59.32,16.4,10.0,6.0,,,,0.625,201.0,51.3,40.2,3.5,89.4,35.8,29.8,2.34,209.0,
HSS,HSS10X8X1_2,55.66,15.3,10.0,8.0,,,,0.5,214.0,51.9,42.7,3.73,151.0,44.5,37.8,3.14,288.0,
HSS,HSS10X8X1_4,29.23,8.03,10.0,8.0,,,,0.25,119.0,28.1,23.8,3.85,84.7,24.2,21.2,3.25,155.0,
HSS,HSS10X8X3_16,22.18,6.06,10.0,8.0,,,,0.1875,91.4,21.4,18.3,3.88,65.1,18.4,16.3,3.28,118.0,
HSS,HSS10X8X3_8,42.79,11.8,10.0,8.0,,,,0.375,169.0,40.5,33.9,3.79,120.0,34.8,30.0,3.19,224.0,
HSS,HSS10X8X5_16,36.1,9.92,10.0,8.0,,,,0.3125,145.0,34.4,29.0,3.82,103.0,29.6,25.7,3.22,190.0,
HSS,HSS10X8X5_8,67.82,18.7,10.0,8.0,,,,0.625,253.0,62.2,50.5,3.68,178.0,53.3,44.5,3.09,346.0,
HSS,HSS12X10X1_2,69.27,19.0,12.0,10.0,,,,0.5,395.0,78.8,65.9,4.56,298.0,69.6,59.7,3.96,545.0,
HSS,HSS12X10X1_4,36.03,9.9,12.0,10.0,,,,0.25,216.0,42.1,36.0,4.67,164.0,37.2,32.7,4.07,289.0,
HSS,HSS12X10X3_16,27.29,7.46,12.0,10.0,,,,0.1875,165.0,31.9,27.5,4.7,125.0,28.2,25.0,4.09,219.0,
HSS,HSS12X10X3_8,53.0,14.6,12.0,10.0,,,,0.375,310.0,61.1,51.6,4.61,234.0,54.0,46.9,4.01,421.0,
HSS,HSS12X10X5_16,44.6,12.2,12.0,10.0,,,,0.3125,264.0,51.7,44.0,4.64,200.0,45.7,40.0,4.04,356.0,
HSS,HSS12X10X5_8,84.84,23.3,12.0,10.0,,,,0.625,472.0,95.3,78.7,4.5,356.0,84.1,71.2,3.9,661.0,
HSS,HSS12X12X1,140.96,39.0,12.0,12.0,,,,1.0,772.0,158.0,129.0,4.45,772.0,158.0,129.0,4.45,1300.0,
HSS,HSS12X12X1_2,76.07,20.9,12.0,12.0,,,,0.5,457.0,89.6,76.2,4.68,457.0,89.6,76.2,4.68,728.0,
HSS,HSS12X12X1_4,39.43,10.8,12.0,12.0,,,,0.25,248.0,47.6,41.4,4.79,248.0,47.6,41.4,4.79,384.0,
HSS,HSS12X12X3_16,29.84,8.15,12.0,12.0,,,,0.1875,189.0,36.0,31.5,4.82,189.0,36.0,31.5,4.82,290.0,
HSS,HSS12X12X3_4,109.91,30.3,12.0,12.0,,,,0.75,631.0,127.0,105.0,4.56,631.0,127.0,105.0,4.56,1030.0,
HSS,HSS12X12X3_8,58.1,16.0,12.0,12.0,,,,0.375,357.0,69.2,59.5,4.73,357.0,69.2,59.5,4.73,561.0,
HSS,HSS12X12X5_16,48.86,13.4,12.0,12.0,,,,0.3125,304.0,58.6,50.7,4.76,304.0,58.6,50.7,4.76,474.0,
HSS,HSS12X12X5_8,93.34,25.7,12.0,12.0,,,,0.625,548.0,109.0,91.4,4.62,548.0,109.0,91.4,4.62,885.0,
HSS,HSS12X12X7_8,125.79,34.7,12.0,12.0,,,,0.875,706.0,143.0,118.0,4.51,706.0,143.0,118.0,4.51,1170.0,
HSS,HSS12X2X1_4,22.42,6.17,12.0,2.0,,,,0.25,86.9,20.1,14.5,3.75,4.41,5.08,4.41,0.845,15.1,
HSS,HSS12X2X3_16,17.08,4.67,12.0,2.0,,,,0.1875,67.4,15.5,11.2,3.8,3.55,3.97,3.55,0.872,12.0,
HSS,HSS12X2X5_16,27.59,7.59,12.0,2.0,,,,0.3125,104.0,24.5,17.4,3.71,5.1,6.05,5.1,0.82,17.6,
HSS,HSS12X3X1_4,24.12,6.63,12.0,3.0,,,,0.25,103.0,22.9,17.2,3.94,11.1,8.28,7.38,1.29,34.5,
HSS,HSS12X3X3_16,18.35,5.02,12.0,3.0,,,,0.1875,79.6,17.5,13.3,3.98,8.72,6.4,5.81,1.32,26.8,
HSS,HSS12X3X5_16,29.72,8.17,12.0,3.0,,,,0.3125,124.0,27.9,20.7,3.9,13.1,10.0,8.73,1.27,41.3,
HSS,HSS12X4X1_2,48.85,13.5,12.0,4.0,,,,0.5,210.0,46.7,34.9,3.95,35.3,20.9,17.7,1.62,105.0,
HSS,HSS12X4X1_4,25.82,7.1,12.0,4.0,,,,0.25,119.0,25.6,19.9,4.1,21.0,11.7,10.5,1.72,59.8,
HSS,HSS12X4X3_16,19.63,5.37,12.0,4.0,,,,0.1875,91.8,19.6,15.3,4.13,16.4,9.0,8.2,1.75,46.1,
HSS,HSS12X4X3_8,37.69,10.4,12.0,4.0,,,,0.375,168.0,36.7,28.0,4.02,28.9,16.6,14.5,1.67,84.1,
HSS,HSS12X4X5_16,31.84,8.76,12.0,4.0,,,,0.3125,144.0,31.3,24.1,4.06,25.2,14.2,12.6,1.7,72.4,
HSS,HSS12X4X5_8,59.32,16.4,12.0,4.0,,,,0.625,245.0,55.5,40.8,3.87,40.4,24.5,20.2,1.57,122.0,
HSS,HSS12X6X1_2,55.66,15.3,12.0,6.0,,,,0.5,271.0,57.4,45.2,4.21,91.1,35.2,30.4,2.44,227.0,
HSS,HSS12X6X1_4,29.23,8.03,12.0,6.0,,,,0.25,151.0,31.1,25.2,4.34,51.9,19.3,17.3,2.54,124.0,
HSS,HSS12X6X3_16,22.18,6.06,12.0,6.0,,,,0.1875,116.0,23.7,19.4,4.38,40.0,14.7,13.3,2.57,94.6,
HSS,HSS12X6X3_8,42.79,11.8,12.0,6.0,,,,0.375,215.0,44.8,35.9,4.28,72.9,27.7,24.3,2.49,178.0,
HSS,HSS12X6X5_16,36.1,9.92,12.0,6.0,,,,0.3125,184.0,38.1,30.7,4.31,62.8,23.6,20.9,2.52,152.0,
HSS,HSS12X6X5_8,67.82,18.7,12.0,6.0,,,,0.625,321.0,68.8,53.4,4.14,107.0,42.1,35.5,2.39,271.0,
HSS,HSS12X8X1_2,62.46,17.2,12.0,8.0,,,,0.5,333.0,68.1,55.6,4.41,178.0,51.5,44.4,3.21,377.0,
HSS,HSS12X8X1_4,32.63,8.96,12.0,8.0,,,,0.25,184.0,36.6,30.6,4.53,98.8,27.8,24.7,3.32,202.0,
HSS,HSS12X8X3_16,24.73,6.76,12.0,8.0,,,,0.1875,140.0,27.8,23.4,4.56,75.7,21.1,18.9,3.35,153.0,
HSS,HSS12X8X3_8,47.9,13.2,12.0,8.0,,,,0.375,262.0,53.0,43.7,4.47,140.0,40.1,35.1,3.27,293.0,
HSS,HSS12X8X5_16,40.35,11.1,12.0,8.0,,,,0.3125,224.0,44.9,37.4,4.5,120.0,34.1,30.1,3.29,248.0,
HSS,HSS12X8X5_8,76.33,21.0,12.0,8.0,,,,0.625,397.0,82.1,66.1,4.34,210.0,61.9,52.5,3.16,454.0,
HSS,HSS14X10X1_2,76.07,20.9,14.0,10.0,,,,0.5,573.0,98.8,81.8,5.23,341.0,78.5,68.1,4.04,685.0,
HSS,HSS14X10X1_4,39.43,10.8,14.0,10.0,,,,0.25,310.0,52.4,44.3,5.35,186.0,41.8,37.2,4.14,362.0,
HSS,HSS14X10X3_4,109.91,30.3,14.0,10.0,,,,0.75,792.0,140.0,113.0,5.11,468.0,111.0,93.6,3.93,970.0,
HSS,HSS14X10X3_8,58.1,16.0,14.0,10.0,,,,0.375,447.0,76.3,63.9,5.29,267.0,60.7,53.4,4.09,528.0,
HSS,HSS14X10X5_16,48.86,13.4,14.0,10.0,,,,0.3125,380.0,64.6,54.3,5.32,227.0,51.4,45.5,4.12,446.0,
HSS,HSS14X10X5_8,93.34,25.7,14.0,10.0,,,,0.625,687.0,120.0,98.2,5.17,407.0,95.1,81.5,3.98,832.0,
HSS,HSS14X10X7_8,125.79,34.7,14.0,10.0,,,,0.875,886.0,158.0,127.0,5.05,522.0,125.0,104.0,3.88,1100.0,
HSS,HSS14X12X1_2,82.88,22.8,14.0,12.0,,,,0.5,658.0,111.0,94.0,5.38,519.0,100.0,86.5,4.78,921.0,
HSS,HSS14X12X1_4,42.84,11.8,14.0,12.0,,,,0.25,354.0,58.9,50.6,5.49,280.0,53.0,46.7,4.88,484.0,
HSS,HSS14X12X3_8,63.21,17.3,14.0,12.0,,,,0.375,512.0,85.9,73.2,5.43,405.0,77.4,67.4,4.83,708.0,
HSS,HSS14X12X5_16,53.11,14.6,14.0,12.0,,,,0.3125,435.0,72.6,62.1,5.46,344.0,65.4,57.3,4.86,598.0,
HSS,HSS14X12X5_8,101.85,28.0,14.0,12.0,,,,0.625,792.0,135.0,113.0,5.32,624.0,122.0,104.0,4.72,1120.0,
HSS,HSS14X14X1,168.18,46.4,14.0,14.0,,,,1.0,1290.0,224.0,184.0,5.27,1290.0,224.0,184.0,5.27,2130.0,
HSS,HSS14X14X1_2,89.68,24.6,14.0,14.0,,,,0.5,743.0,124.0,106.0,5.49,743.0,124.0,106.0,5.49,1170.0,
HSS,HSS14X14X1_4,46.24,12.7,14.0,14.0,,,,0.25,399.0,65.3,57.0,5.6,399.0,65.3,57.0,5.6,614.0,
HSS,HSS14X14X3_4,130.33,35.9,14.0,14.0,,,,0.75,1040.0,177.0,149.0,5.38,1040.0,177.0,149.0,5.38,1680.0,
HSS,HSS14X14X3_8,68.31,18.7,14.0,14.0,,,,0.375,577.0,95.4,82.5,5.55,577.0,95.4,82.5,5.55,900.0,
HSS,HSS14X14X5_16,57.36,15.7,14.0,14.0,,,,0.3125,490.0,80.5,69.9,5.58,490.0,80.5,69.9,5.58,759.0,
HSS,HSS14X14X5_8,110.36,30.3,14.0,14.0,,,,0.625,897.0,151.0,128.0,5.44,897.0,151.0,128.0,5.44,1430.0,
HSS,HSS14X14X7_8,149.61,41.2,14.0,14.0,,,,0.875,1170.0,201.0,167.0,5.33,1170.0,201.0,167.0,5.33,1910.0,
HSS,HSS14X4X1_2,55.66,15.3,14.0,4.0,,,,0.5,317.0,61.0,45.3,4.55,41.2,24.1,20.6,1.64,127.0,
HSS,HSS14X4X1_4,29.23,8.03,14.0,4.0,,,,0.25,178.0,33.2,25.4,4.71,24.4,13.5,12.2,1.74,72.4,
HSS,HSS14X4X3_16,22.18,6.06,14.0,4.0,,,,0.1875,137.0,25.3,19.5,4.74,19.0,10.3,9.48,1.77,55.8,
HSS,HSS14X4X3_8,42.79,11.8,14.0,4.0,,,,0.375,252.0,47.8,36.0,4.63,33.6,19.1,16.8,1.69,102.0,
HSS,HSS14X4X5_16,36.1,9.92,14.0,4.0,,,,0.3125,216.0,40.6,30.9,4.67,29.2,16.4,14.6,1.72,87.7,
HSS,HSS14X4X5_8,67.82,18.7,14.0,4.0,,,,0.625,373.0,73.1,53.3,4.47,47.2,28.5,23.6,1.59,148.0,
HSS,HSS14X6X1_2,62.46,17.2,14.0,6.0,,,,0.5,402.0,73.6,57.4,4.84,105.0,40.4,35.1,2.48,279.0,
HSS,HSS14X6X1_4,32.63,8.96,14.0,6.0,,,,0.25,222.0,39.6,31.7,4.98,59.6,22.0,19.9,2.58,152.0,
HSS,HSS14X6X3_16,24.73,6.76,14.0,6.0,,,,0.1875,170.0,30.1,24.3,5.01,45.9,16.7,15.3,2.61,116.0,
HSS,HSS14X6X3_8,47.9,13.2,14.0,6.0,,,,0.375,317.0,57.3,45.3,4.91,84.1,31.6,28.0,2.53,219.0,
HSS,HSS14X6X5_16,40.35,11.1,14.0,6.0,,,,0.3125,271.0,48.6,38.7,4.94,72.3,26.9,24.1,2.55,186.0,
HSS,HSS14X6X5_8,76.33,21.0,14.0,6.0,,,,0.625,478.0,88.7,68.3,4.77,124.0,48.4,41.2,2.43,334.0,
HSS,HSS14X8X1_2,69.27,19.0,14.0,8.0,,,,0.5,487.0,86.2,69.6,5.06,204.0,58.5,51.0,3.27,469.0,
HSS,HSS14X8X1_4,36.03,9.9,14.0,8.0,,,,0.25,266.0,46.0,38.0,5.19,113.0,31.4,28.2,3.38,250.0,
HSS,HSS14X8X3_16,27.29,7.46,14.0,8.0,,,,0.1875,203.0,34.9,29.0,5.22,86.4,23.8,21.6,3.4,190.0,
HSS,HSS14X8X3_8,53.0,14.6,14.0,8.0,,,,0.375,382.0,66.8,54.6,5.12,161.0,45.5,40.2,3.32,363.0,
HSS,HSS14X8X5_16,44.6,12.2,14.0,8.0,,,,0.3125,325.0,56.6,46.5,5.15,138.0,38.6,34.4,3.35,308.0,
HSS,HSS14X8X5_8,84.84,23.3,14.0,8.0,,,,0.625,582.0,104.0,83.2,5.0,242.0,70.5,60.6,3.22,566.0,
HSS,HSS16X10X1_2,82.88,22.8,16.0,10.0,,,,0.5,792.0,121.0,99.0,5.9,383.0,87.3,76.6,4.1,829.0,
HSS,HSS16X10X1_4,42.84,11.8,16.0,10.0,,,,0.25,426.0,63.7,53.3,6.02,208.0,46.3,41.6,4.21,437.0,
HSS,HSS16X10X3_8,63.21,17.3,16.0,10.0,,,,0.375,616.0,93.0,77.0,5.96,299.0,67.4,59.9,4.15,639.0,
HSS,HSS16X10X5_16,53.11,14.6,16.0,10.0,,,,0.3125,523.0,78.6,65.4,5.99,255.0,57.0,50.9,4.18,539.0,
HSS,HSS16X10X5_8,101.85,28.0,16.0,10.0,,,,0.625,953.0,147.0,119.0,5.84,459.0,106.0,91.8,4.05,1010.0,
HSS,HSS16X12X1,168.18,46.4,16.0,12.0,,,,1.0,1570.0,244.0,196.0,5.82,1000.0,200.0,167.0,4.64,2030.0,
HSS,HSS16X12X1_2,89.68,24.6,16.0,12.0,,,,0.5,904.0,135.0,113.0,6.06,581.0,111.0,96.8,4.86,1120.0,
HSS,HSS16X12X3_4,130.33,35.9,16.0,12.0,,,,0.75,1270.0,193.0,159.0,5.95,810.0,158.0,135.0,4.75,1610.0,
HSS,HSS16X12X3_8,68.31,18.7,16.0,12.0,,,,0.375,702.0,104.0,87.7,6.12,452.0,85.5,75.3,4.91,862.0,
HSS,HSS16X12X5_16,57.36,15.7,16.0,12.0,,,,0.3125,595.0,87.7,74.4,6.15,384.0,72.2,64.0,4.94,727.0,
HSS,HSS16X12X5_8,110.36,30.3,16.0,12.0,,,,0.625,1090.0,165.0,136.0,6.0,700.0,135.0,117.0,4.8,1370.0,
HSS,HSS16X12X7_8,149.61,41.2,16.0,12.0,,,,0.875,1430.0,219.0,178.0,5.88,910.0,179.0,152.0,4.7,1830.0,
HSS,HSS16X16X1,195.4,53.8,16.0,16.0,,,,1.0,1990.0,300.0,249.0,6.09,1990.0,300.0,249.0,6.09,3270.0,
HSS,HSS16X16X1_2,103.3,28.3,16.0,16.0,,,,0.5,1130.0,164.0,141.0,6.31,1130.0,164.0,141.0,6.31,1770.0,
HSS,HSS16X16X1_4,53.05,14.6,16.0,16.0,,,,0.25,600.0,85.8,75.0,6.42,600.0,85.8,75.0,6.42,921.0,
HSS,HSS16X16X3_4,150.75,41.5,16.0,16.0,,,,0.75,1590.0,235.0,199.0,6.19,1590.0,235.0,199.0,6.19,2560.0,
HSS,HSS16X16X3_8,78.52,21.5,16.0,16.0,,,,0.375,873.0,126.0,109.0,6.37,873.0,126.0,109.0,6.37,1350.0,
HSS,HSS16X16X5_16,65.87,18.1,16.0,16.0,,,,0.3125,739.0,106.0,92.3,6.39,739.0,106.0,92.3,6.39,1140.0,
HSS,HSS16X16X5_8,127.37,35.0,16.0,16.0,,,,0.625,1370.0,200.0,171.0,6.25,1370.0,200.0,171.0,6.25,2170.0,
HSS,HSS16X16X7_8,173.43,47.7,16.0,16.0,,,,0.875,1800.0,268.0,225.0,6.14,1800.0,268.0,225.0,6.14,2920.0,
HSS,HSS16X4X1_2,62.46,17.2,16.0,4.0,,,,0.5,455.0,77.3,56.9,5.15,47.0,27.4,23.5,1.65,150.0,
HSS,HSS16X4X1_4,32.63,8.96,16.0,4.0,,,,0.25,253.0,41.7,31.6,5.31,27.7,15.2,13.8,1.76,85.2,
HSS,HSS16X4X3_16,24.73,6.76,16.0,4.0,,,,0.1875,193.0,31.7,24.2,5.35,21.5,11.7,10.8,1.78,65.5,
HSS,HSS16X4X3_8,47.9,13.2,16.0,4.0,,,,0.375,360.0,60.2,45.0,5.23,38.3,21.7,19.1,1.71,120.0,
HSS,HSS16X4X5_16,40.35,11.1,16.0,4.0,,,,0.3125,308.0,51.1,38.5,5.27,33.2,18.5,16.6,1.73,103.0,
HSS,HSS16X4X5_8,76.33,21.0,16.0,4.0,,,,0.625,539.0,92.9,67.3,5.06,54.1,32.5,27.0,1.6,174.0,
HSS,HSS16X6X1_2,69.27,19.0,16.0,6.0,,,,0.5,567.0,91.7,70.9,5.46,120.0,45.5,39.9,2.51,333.0,
HSS,HSS16X6X1_4,36.03,9.9,16.0,6.0,,,,0.25,311.0,49.0,38.8,5.6,67.4,24.7,22.5,2.61,181.0,
HSS,HSS16X6X3_16,27.29,7.46,16.0,6.0,,,,0.1875,237.0,37.2,29.6,5.64,51.8,18.8,17.3,2.64,138.0,
HSS,HSS16X6X3_8,53.0,14.6,16.0,6.0,,,,0.375,445.0,71.1,55.6,5.53,95.3,35.5,31.8,2.56,260.0,
HSS,HSS16X6X5_16,44.6,12.2,16.0,6.0,,,,0.3125,379.0,60.3,47.4,5.57,81.8,30.2,27.3,2.58,222.0,
HSS,HSS16X6X5_8,84.84,23.3,16.0,6.0,,,,0.625,677.0,111.0,84.6,5.38,141.0,54.7,46.9,2.46,398.0,
HSS,HSS16X8X1_2,76.07,20.9,16.0,8.0,,,,0.5,679.0,106.0,84.9,5.7,230.0,65.5,57.6,3.32,563.0,
HSS,HSS16X8X1_4,39.43,10.8,16.0,8.0,,,,0.25,368.0,56.4,46.1,5.83,127.0,35.0,31.7,3.42,300.0,
HSS,HSS16X8X3_4,109.91,30.3,16.0,8.0,,,,0.75,939.0,150.0,117.0,5.57,314.0,91.9,78.4,3.22,790.0,
HSS,HSS16X8X3_8,58.1,16.0,16.0,8.0,,,,0.375,531.0,82.1,66.3,5.77,181.0,50.8,45.3,3.37,436.0,
HSS,HSS16X8X5_16,48.86,13.4,16.0,8.0,,,,0.3125,451.0,69.4,56.4,5.8,155.0,43.0,38.7,3.4,369.0,
HSS,HSS16X8X5_8,93.34,25.7,16.0,8.0,,,,0.625,815.0,129.0,102.0,5.64,274.0,79.2,68.6,3.27,681.0,
HSS,HSS16X8X7_8,125.79,34.7,16.0,8.0,,,,0.875,1050.0,170.0,131.0,5.5,348.0,104.0,87.0,3.17,888.0,
HSS,HSS18X10X1_2,89.68,24.6,18.0,10.0,,,,0.5,1060.0,144.0,117.0,6.55,425.0,96.2,85.0,4.16,977.0,
HSS,HSS18X10X1_4,46.24,12.7,18.0,10.0,,,,0.25,566.0,76.0,62.9,6.68,230.0,50.9,46.1,4.26,515.0,
HSS,HSS18X10X3_8,68.31,18.7,18.0,10.0,,,,0.375,820.0,111.0,91.1,6.61,332.0,74.2,66.4,4.21,752.0,
HSS,HSS18X10X5_16,57.36,15.7,18.0,10.0,,,,0.3125,695.0,93.7,77.2,6.65,282.0,62.7,56.4,4.23,635.0,
HSS,HSS18X10X5_8,110.36,30.3,18.0,10.0,,,,0.625,1280.0,176.0,142.0,6.49,511.0,117.0,102.0,4.1,1190.0,
HSS,HSS18X18X1,222.63,61.3,18.0,18.0,,,,1.0,2920.0,387.0,324.0,6.9,2920.0,387.0,324.0,6.9,4740.0,
HSS,HSS18X18X1_2,116.91,32.1,18.0,18.0,,,,0.5,1630.0,210.0,181.0,7.13,1630.0,210.0,181.0,7.13,2540.0,
HSS,HSS18X18X1_4,59.85,16.4,18.0,18.0,,,,0.25,860.0,109.0,95.6,7.24,860.0,109.0,95.6,7.24,1320.0,
HSS,HSS18X18X3_4,171.16,47.1,18.0,18.0,,,,0.75,2320.0,302.0,258.0,7.02,2320.0,302.0,258.0,7.02,3690.0,
HSS,HSS18X18X3_8,88.73,24.3,18.0,18.0,,,,0.375,1250.0,160.0,139.0,7.18,1250.0,160.0,139.0,7.18,1940.0,
HSS,HSS18X18X5_16,74.38,20.4,18.0,18.0,,,,0.3125,1060.0,135.0,118.0,7.21,1060.0,135.0,118.0,7.21,1630.0,
HSS,HSS18X18X5_8,144.39,39.6,18.0,18.0,,,,0.625,1980.0,257.0,220.0,7.07,1980.0,257.0,220.0,7.07,3120.0,
HSS,HSS18X18X7_8,197.24,54.3,18.0,18.0,,,,0.875,2630.0,346.0,292.0,6.96,2630.0,346.0,292.0,6.96,4220.0,
HSS,HSS18X6X1_2,76.07,20.9,18.0,6.0,,,,0.5,770.0,112.0,85.6,6.07,134.0,50.7,44.6,2.53,387.0,
HSS,HSS18X6X1_4,39.43,10.8,18.0,6.0,,,,0.25,419.0,59.4,46.5,6.22,75.1,27.3,25.0,2.63,210.0,
HSS,HSS18X6X3_4,109.91,30.3,18.0,6.0,,,,0.75,1060.0,158.0,118.0,5.92,179.0,70.4,59.6,2.43,530.0,
HSS,HSS18X6X3_8,58.1,16.0,18.0,6.0,,,,0.375,602.0,86.4,66.9,6.15,106.0,39.5,35.5,2.58,302.0,
HSS,HSS18X6X5_16,48.86,13.4,18.0,6.0,,,,0.3125,513.0,73.1,57.0,6.18,91.3,33.5,30.4,2.61,257.0,
HSS,HSS18X6X5_8,93.34,25.7,18.0,6.0,,,,0.625,923.0,135.0,103.0,6.0,158.0,61.0,52.7,2.48,462.0,
HSS,HSS18X8X1_2,82.88,22.8,18.0,8.0,,,,0.5,913.0,128.0,101.0,6.33,257.0,72.5,64.2,3.36,659.0,
HSS,HSS18X8X1_4,42.84,11.8,18.0,8.0,,,,0.25,492.0,67.7,54.7,6.47,141.0,38.6,35.2,3.46,351.0,
HSS,HSS18X8X3_8,63.21,17.3,18.0,8.0,,,,0.375,711.0,98.7,79.0,6.4,202.0,56.1,50.5,3.41,510.0,
HSS,HSS18X8X5_16,53.11,14.6,18.0,8.0,,,,0.3125,604.0,83.4,67.1,6.44,172.0,47.5,43.0,3.44,432.0,
HSS,HSS18X8X5_8,101.85,28.0,18.0,8.0,,,,0.625,1100.0,156.0,122.0,6.27,306.0,87.8,76.6,3.31,797.0,
HSS,HSS1_1_2X1_1_2X1_4,3.71,1.04,1.5,1.5,,,,0.25,0.26,0.469,0.346,0.5,0.26,0.469,0.346,0.5,0.47,
HSS,HSS1_1_2X1_1_2X1_8,2.2,0.608,1.5,1.5,,,,0.125,0.188,0.309,0.251,0.557,0.188,0.309,0.251,0.557,0.316,
HSS,HSS1_1_2X1_1_2X3_16,3.04,0.845,1.5,1.5,,,,0.188,0.236,0.406,0.315,0.528,0.236,0.406,0.315,0.528,0.414,
HSS,HSS20X12X1,195.4,53.8,20.0,12.0,,,,1.0,2740.0,344.0,274.0,7.14,1230.0,241.0,205.0,4.78,2820.0,
HSS,HSS20X12X1_2,103.3,28.3,20.0,12.0,,,,0.5,1550.0,188.0,155.0,7.39,705.0,132.0,117.0,4.99,1540.0,
HSS,HSS20X12X3_4,150.75,41.5,20.0,12.0,,,,0.75,2190.0,270.0,219.0,7.26,988.0,190.0,165.0,4.88,2220.0,
HSS,HSS20X12X3_8,78.52,21.5,20.0,12.0,,,,0.375,1200.0,144.0,120.0,7.45,547.0,102.0,91.1,5.04,1180.0,
HSS,HSS20X12X5_16,65.87,18.1,20.0,12.0,,,,0.3125,1010.0,122.0,101.0,7.48,464.0,85.8,77.3,5.07,997.0,
HSS,HSS20X12X5_8,127.37,35.0,20.0,12.0,,,,0.625,1880.0,230.0,188.0,7.33,851.0,162.0,142.0,4.93,1890.0,
HSS,HSS20X12X7_8,173.43,47.7,20.0,12.0,,,,0.875,2480.0,308.0,248.0,7.2,1110.0,216.0,186.0,4.83,2530.0,
HSS,HSS20X16X1_2,116.91,32.1,20.0,16.0,,,,0.5,1900.0,224.0,190.0,7.7,1350.0,193.0,169.0,6.5,2480.0,
HSS,HSS20X16X1_4,59.85,16.4,20.0,16.0,,,,0.25,1000.0,117.0,100.0,7.82,716.0,100.0,89.5,6.6,1280.0,
HSS,HSS20X16X3_4,171.16,47.1,20.0,16.0,,,,0.75,2710.0,324.0,271.0,7.59,1920.0,278.0,240.0,6.39,3590.0,
HSS,HSS20X16X3_8,88.73,24.3,20.0,16.0,,,,0.375,1470.0,172.0,147.0,7.76,1040.0,148.0,130.0,6.55,1890.0,
HSS,HSS20X16X5_16,74.38,20.4,20.0,16.0,,,,0.3125,1240.0,144.0,124.0,7.79,882.0,124.0,110.0,6.58,1590.0,
HSS,HSS20X16X5_8,144.39,39.6,20.0,16.0,,,,0.625,2320.0,275.0,232.0,7.65,1640.0,236.0,206.0,6.44,3040.0,
HSS,HSS20X20X1,249.85,68.7,20.0,20.0,,,,1.0,4100.0,486.0,410.0,7.72,4100.0,486.0,410.0,7.72,6600.0,
HSS,HSS20X20X1_2,130.52,35.8,20.0,20.0,,,,0.5,2260.0,261.0,226.0,7.95,2260.0,261.0,226.0,7.95,3510.0,
HSS,HSS20X20X3_4,191.58,52.6,20.0,20.0,,,,0.75,3230.0,378.0,323.0,7.84,3230.0,378.0,323.0,7.84,5110.0,
HSS,HSS20X20X3_8,98.94,27.1,20.0,20.0,,,,0.375,1740.0,199.0,174.0,8.0,1740.0,199.0,174.0,8.0,2680.0,
HSS,HSS20X20X5_16,82.88,22.7,20.0,20.0,,,,0.3125,1460.0,167.0,146.0,8.03,1460.0,167.0,146.0,8.03,2250.0,
HSS,HSS20X20X5_8,161.4,44.3,20.0,20.0,,,,0.625,2750.0,320.0,275.0,7.88,2750.0,320.0,275.0,7.88,4320.0,
HSS,HSS20X20X7_8,221.06,60.8,20.0,20.0,,,,0.875,3670.0,433.0,367.0,7.77,3670.0,433.0,367.0,7.77,5870.0,
HSS,HSS20X4X1_2,76.07,20.9,20.0,4.0,,,,0.5,838.0,115.0,83.8,6.33,58.7,34.0,29.3,1.68,195.0,
HSS,HSS20X4X1_4,39.43,10.8,20.0,4.0,,,,0.25,458.0,61.5,45.8,6.5,34.3,18.7,17.1,1.78,111.0,
HSS,HSS20X4X3_8,58.1,16.0,20.0,4.0,,,,0.375,657.0,89.3,65.7,6.42,47.6,26.8,23.8,1.73,156.0,
HSS,HSS20X4X5_16,48.86,13.4,20.0,4.0,,,,0.3125,560.0,75.6,56.0,6.46,41.2,22.9,20.6,1.75,134.0,
HSS,HSS20X6X1_2,82.88,22.8,20.0,6.0,,,,0.5,1020.0,134.0,102.0,6.68,148.0,55.8,49.4,2.55,441.0,
HSS,HSS20X6X1_4,42.84,11.8,20.0,6.0,,,,0.25,549.0,70.7,54.9,6.83,82.9,30.0,27.6,2.66,240.0,
HSS,HSS20X6X3_8,63.21,17.3,20.0,6.0,,,,0.375,792.0,103.0,79.2,6.76,118.0,43.4,39.2,2.6,345.0,
HSS,HSS20X6X5_16,53.11,14.6,20.0,6.0,,,,0.3125,673.0,87.1,67.3,6.79,101.0,36.9,33.6,2.63,293.0,
HSS,HSS20X6X5_8,101.85,28.0,20.0,6.0,,,,0.625,1220.0,162.0,122.0,6.6,175.0,67.3,58.4,2.5,528.0,
HSS,HSS20X8X1,168.18,46.4,20.0,8.0,,,,1.0,2060.0,273.0,206.0,6.67,472.0,141.0,118.0,3.19,1320.0,
HSS,HSS20X8X1_2,89.68,24.6,20.0,8.0,,,,0.5,1190.0,152.0,119.0,6.96,283.0,79.5,70.8,3.39,757.0,
HSS,HSS20X8X3_4,130.33,35.9,20.0,8.0,,,,0.75,1670.0,216.0,167.0,6.82,388.0,112.0,97.1,3.29,1060.0,
HSS,HSS20X8X3_8,68.31,18.7,20.0,8.0,,,,0.375,926.0,117.0,92.6,7.03,222.0,61.5,55.6,3.44,586.0,
HSS,HSS20X8X5_16,57.36,15.7,20.0,8.0,,,,0.3125,786.0,98.6,78.6,7.07,189.0,52.0,47.4,3.47,496.0,
HSS,HSS20X8X5_8,110.36,30.3,20.0,8.0,,,,0.625,1440.0,185.0,144.0,6.89,338.0,96.4,84.6,3.34,916.0,
HSS,HSS20X8X7_8,149.61,41.2,20.0,8.0,,,,0.875,1880.0,246.0,188.0,6.74,432.0,127.0,108.0,3.24,1200.0,
HSS,HSS22X10X1_2,103.3,28.3,22.0,10.0,,,,0.5,1740.0,197.0,158.0,7.83,510.0,114.0,102.0,4.24,1280.0,
HSS,HSS22X10X1_4,53.05,14.6,22.0,10.0,,,,0.25,923.0,103.0,83.9,7.96,275.0,60.0,55.0,4.34,674.0,
HSS,HSS22X10X3_8,78.52,21.5,22.0,10.0,,,,0.375,1340.0,151.0,122.0,7.9,397.0,87.7,79.4,4.29,986.0,
HSS,HSS22X10X5_16,65.87,18.1,22.0,10.0,,,,0.3125,1140.0,128.0,103.0,7.93,337.0,74.0,67.4,4.32,832.0,
HSS,HSS22X10X5_8,127.37,35.0,22.0,10.0,,,,0.625,2110.0,241.0,191.0,7.76,614.0,139.0,123.0,4.19,1560.0,
HSS,HSS22X14X1_2,116.91,32.1,22.0,14.0,,,,0.5,2170.0,237.0,197.0,8.22,1080.0,174.0,155.0,5.81,2290.0,
HSS,HSS22X14X1_4,59.85,16.4,22.0,14.0,,,,0.25,1140.0,123.0,104.0,8.35,575.0,90.9,82.2,5.92,1190.0,
HSS,HSS22X14X3_4,171.16,47.1,22.0,14.0,,,,0.75,3090.0,343.0,281.0,8.1,1530.0,251.0,219.0,5.71,3300.0,
HSS,HSS22X14X3_8,88.73,24.3,22.0,14.0,,,,0.375,1670.0,182.0,152.0,8.29,837.0,134.0,120.0,5.87,1750.0,
HSS,HSS22X14X5_16,74.38,20.4,22.0,14.0,,,,0.3125,1410.0,153.0,128.0,8.32,708.0,112.0,101.0,5.89,1470.0,
HSS,HSS22X14X5_8,144.39,39.6,22.0,14.0,,,,0.625,2640.0,291.0,240.0,8.16,1320.0,213.0,188.0,5.76,2800.0,
HSS,HSS22X16X1_2,123.71,33.9,22.0,16.0,,,,0.5,2380.0,257.0,217.0,8.38,1470.0,207.0,183.0,6.57,2850.0,
HSS,HSS22X16X1_4,63.25,17.4,22.0,16.0,,,,0.25,1250.0,134.0,114.0,8.5,774.0,108.0,96.7,6.68,1470.0,
HSS,HSS22X16X3_4,181.37,49.8,22.0,16.0,,,,0.75,3400.0,372.0,309.0,8.26,2080.0,300.0,260.0,6.47,4130.0,
HSS,HSS22X16X3_8,93.83,25.7,22.0,16.0,,,,0.375,1830.0,197.0,167.0,8.44,1130.0,159.0,141.0,6.63,2170.0,
HSS,HSS22X16X5_16,78.63,21.6,22.0,16.0,,,,0.3125,1550.0,165.0,141.0,8.47,954.0,133.0,119.0,6.65,1830.0,
HSS,HSS22X16X5_8,152.89,41.9,22.0,16.0,,,,0.625,2910.0,316.0,264.0,8.32,1780.0,254.0,223.0,6.52,3500.0,
HSS,HSS22X18X1_2,130.52,35.8,22.0,18.0,,,,0.5,2600.0,277.0,236.0,8.52,1910.0,242.0,213.0,7.31,3440.0,
HSS,HSS22X18X3_4,191.58,52.6,22.0,18.0,,,,0.75,3720.0,402.0,338.0,8.41,2730.0,351.0,304.0,7.21,5000.0,
HSS,HSS22X18X3_8,98.94,27.1,22.0,18.0,,,,0.375,2000.0,212.0,182.0,8.58,1470.0,185.0,164.0,7.37,2620.0,
HSS,HSS22X18X5_16,82.88,22.7,22.0,18.0,,,,0.3125,1680.0,178.0,153.0,8.61,1240.0,156.0,138.0,7.4,2200.0,
HSS,HSS22X18X5_8,161.4,44.3,22.0,18.0,,,,0.625,3170.0,341.0,288.0,8.47,2330.0,297.0,259.0,7.26,4230.0,
HSS,HSS22X20X1_2,137.32,37.6,22.0,20.0,,,,0.5,2820.0,297.0,256.0,8.65,2440.0,279.0,244.0,8.04,4060.0,
HSS,HSS22X20X3_4,201.79,55.4,22.0,20.0,,,,0.75,4040.0,432.0,367.0,8.54,3490.0,405.0,349.0,7.93,5920.0,
HSS,HSS22X20X3_8,104.04,28.5,22.0,20.0,,,,0.375,2160.0,227.0,196.0,8.71,1870.0,213.0,187.0,8.1,3090.0,
HSS,HSS22X20X5_16,87.14,23.9,22.0,20.0,,,,0.3125,1820.0,191.0,166.0,8.73,1580.0,179.0,158.0,8.13,2590.0,
HSS,HSS22X20X5_8,169.91,46.6,22.0,20.0,,,,0.625,3440.0,366.0,313.0,8.59,2970.0,343.0,297.0,7.99,5000.0,
HSS,HSS22X22X1,277.07,76.2,22.0,22.0,,,,1.0,5550.0,596.0,505.0,8.54,5550.0,596.0,505.0,8.54,8890.0,
HSS,HSS22X22X1_2,144.13,39.5,22.0,22.0,,,,0.5,3030.0,317.0,276.0,8.76,3030.0,317.0,276.0,8.76,4700.0,
HSS,HSS22X22X3_4,212.0,58.2,22.0,22.0,,,,0.75,4350.0,462.0,395.0,8.65,4350.0,462.0,395.0,8.65,6860.0,
HSS,HSS22X22X5_8,178.41,48.9,22.0,22.0,,,,0.625,3710.0,390.0,337.0,8.7,3710.0,390.0,337.0,8.7,5790.0,
HSS,HSS22X22X7_8,244.88,67.3,22.0,22.0,,,,0.875,4970.0,530.0,452.0,8.59,4970.0,530.0,452.0,8.59,7890.0,
HSS,HSS24X12X1,222.63,61.3,24.0,12.0,,,,1.0,4340.0,459.0,362.0,8.42,1460.0,282.0,243.0,4.88,3630.0,
HSS,HSS24X12X1_2,116.91,32.1,24.0,12.0,,,,0.5,2420.0,248.0,202.0,8.68,829.0,154.0,138.0,5.08,1980.0,
HSS,HSS24X12X1_4,59.85,16.4,24.0,12.0,,,,0.25,1280.0,129.0,106.0,8.82,442.0,80.5,73.6,5.19,1030.0,
HSS,HSS24X12X3_4,171.16,47.1,24.0,12.0,,,,0.75,3440.0,359.0,287.0,8.55,1170.0,221.0,195.0,4.98,2850.0,
HSS,HSS24X12X3_8,88.73,24.3,24.0,12.0,,,,0.375,1860.0,190.0,155.0,8.75,642.0,118.0,107.0,5.14,1520.0,
HSS,HSS24X12X5_16,74.38,20.4,24.0,12.0,,,,0.3125,1570.0,160.0,131.0,8.78,543.0,99.4,90.6,5.16,1280.0,
HSS,HSS24X12X5_8,144.39,39.6,24.0,12.0,,,,0.625,2940.0,304.0,245.0,8.62,1000.0,188.0,167.0,5.03,2430.0,
HSS,HSS24X12X7_8,197.24,54.3,24.0,12.0,,,,0.875,3910.0,410.0,326.0,8.49,1320.0,252.0,220.0,4.93,3250.0,
HSS,HSS24X14X1_2,123.71,33.9,24.0,14.0,,,,0.5,2680.0,270.0,223.0,8.88,1170.0,187.0,167.0,5.87,2580.0,
HSS,HSS24X14X1_4,63.25,17.4,24.0,14.0,,,,0.25,1410.0,140.0,117.0,9.01,619.0,97.4,88.5,5.98,1340.0,
HSS,HSS24X14X3_4,181.37,49.8,24.0,14.0,,,,0.75,3820.0,391.0,318.0,8.76,1660.0,270.0,237.0,5.77,3730.0,
HSS,HSS24X14X3_8,93.83,25.7,24.0,14.0,,,,0.375,2060.0,207.0,171.0,8.94,902.0,143.0,129.0,5.92,1970.0,
HSS,HSS24X14X5_16,78.63,21.6,24.0,14.0,,,,0.3125,1740.0,174.0,145.0,8.98,763.0,120.0,109.0,5.95,1660.0,
HSS,HSS24X14X5_8,152.89,41.9,24.0,14.0,,,,0.625,3260.0,332.0,272.0,8.82,1420.0,229.0,203.0,5.82,3170.0,
HSS,HSS24X16X1_2,130.52,35.8,24.0,16.0,,,,0.5,2930.0,292.0,244.0,9.05,1580.0,222.0,197.0,6.64,3220.0,
HSS,HSS24X16X3_4,191.58,52.6,24.0,16.0,,,,0.75,4200.0,424.0,350.0,8.93,2250.0,321.0,281.0,6.53,4680.0,
HSS,HSS24X16X3_8,98.94,27.1,24.0,16.0,,,,0.375,2250.0,223.0,188.0,9.12,1210.0,169.0,152.0,6.69,2460.0,
HSS,HSS24X16X5_16,82.88,22.7,24.0,16.0,,,,0.3125,1900.0,188.0,158.0,9.15,1030.0,143.0,128.0,6.72,2070.0,
HSS,HSS24X16X5_8,161.4,44.3,24.0,16.0,,,,0.625,3580.0,359.0,298.0,8.99,1920.0,272.0,240.0,6.59,3960.0,
HSS,HSS24X18X1_2,137.32,37.6,24.0,18.0,,,,0.5,3190.0,314.0,266.0,9.21,2060.0,258.0,229.0,7.39,3910.0,
HSS,HSS24X18X3_4,201.79,55.4,24.0,18.0,,,,0.75,4580.0,456.0,382.0,9.09,2940.0,375.0,327.0,7.29,5690.0,
HSS,HSS24X18X3_8,104.04,28.5,24.0,18.0,,,,0.375,2450.0,240.0,204.0,9.27,1580.0,197.0,176.0,7.45,2970.0,
HSS,HSS24X18X5_16,87.14,23.9,24.0,18.0,,,,0.3125,2060.0,201.0,172.0,9.3,1330.0,166.0,148.0,7.47,2500.0,
HSS,HSS24X18X5_8,169.91,46.6,24.0,18.0,,,,0.625,3900.0,386.0,325.0,9.15,2510.0,318.0,279.0,7.34,4810.0,
HSS,HSS24X20X1_2,144.13,39.5,24.0,20.0,,,,0.5,3450.0,336.0,287.0,9.34,2610.0,297.0,261.0,8.13,4620.0,
HSS,HSS24X20X3_4,212.0,58.2,24.0,20.0,,,,0.75,4960.0,489.0,413.0,9.23,3750.0,432.0,375.0,8.02,6740.0,
HSS,HSS24X20X3_8,109.15,29.9,24.0,20.0,,,,0.375,2640.0,256.0,220.0,9.4,2000.0,226.0,200.0,8.19,3510.0,
HSS,HSS24X20X5_16,91.39,25.1,24.0,20.0,,,,0.3125,2230.0,215.0,186.0,9.43,1690.0,190.0,169.0,8.21,2950.0,
HSS,HSS24X20X5_8,178.41,48.9,24.0,20.0,,,,0.625,4220.0,413.0,351.0,9.29,3190.0,365.0,319.0,8.08,5690.0,
HSS,HSS24X8X1_2,103.3,28.3,24.0,8.0,,,,0.5,1900.0,205.0,159.0,8.19,336.0,93.5,84.0,3.44,955.0,
HSS,HSS24X8X1_4,53.05,14.6,24.0,8.0,,,,0.25,1010.0,107.0,84.4,8.34,183.0,49.5,45.8,3.55,508.0,
HSS,HSS24X8X3_8,78.52,21.5,24.0,8.0,,,,0.375,1470.0,157.0,123.0,8.27,263.0,72.2,65.8,3.5,739.0,
HSS,HSS24X8X5_16,65.87,18.1,24.0,8.0,,,,0.3125,1250.0,132.0,104.0,8.3,224.0,61.0,56.0,3.52,625.0,
HSS,HSS2X1X1_8,2.2,0.608,2.0,1.0,,,,0.125,0.28,0.366,0.28,0.679,0.0922,0.223,0.184,0.39,0.238,
HSS,HSS2X1X3_16,3.04,0.845,2.0,1.0,,,,0.1875,0.35,0.48,0.35,0.643,0.112,0.288,0.225,0.365,0.301,
HSS,HSS2X1_1_2X1_8,2.63,0.724,2.0,1.5,,,,0.125,0.383,0.475,0.383,0.728,0.244,0.389,0.325,0.581,0.496,
HSS,HSS2X1_1_2X3_16,3.68,1.02,2.0,1.5,,,,0.1875,0.495,0.639,0.495,0.697,0.313,0.521,0.417,0.554,0.664,
HSS,HSS2X2X1_4,5.41,1.51,2.0,2.0,,,,0.25,0.747,0.964,0.747,0.704,0.747,0.964,0.747,0.704,1.31,
HSS,HSS2X2X1_8,3.05,0.84,2.0,2.0,,,,0.125,0.486,0.584,0.486,0.761,0.486,0.584,0.486,0.761,0.796,
HSS,HSS2X2X3_16,4.32,1.19,2.0,2.0,,,,0.1875,0.641,0.797,0.641,0.733,0.641,0.797,0.641,0.733,1.09,
HSS,HSS2_1_2X1X1_8,2.63,0.724,2.5,1.0,,,,0.125,0.503,0.532,0.403,0.834,0.115,0.274,0.23,0.399,0.322,
HSS,HSS2_1_2X1X3_16,3.68,1.02,2.5,1.0,,,,0.1875,0.646,0.713,0.517,0.796,0.143,0.36,0.285,0.374,0.412,
HSS,HSS2_1_2X1_1_2X1_4,5.41,1.51,2.5,1.5,,,,0.25,1.03,1.11,0.822,0.826,0.449,0.764,0.599,0.546,1.1,
HSS,HSS2_1_2X1_1_2X1_8,3.05,0.84,2.5,1.5,,,,0.125,0.668,0.671,0.535,0.892,0.3,0.469,0.399,0.597,0.687,
HSS,HSS2_1_2X1_1_2X3_16,4.32,1.19,2.5,1.5,,,,0.1875,0.882,0.915,0.705,0.86,0.39,0.636,0.52,0.572,0.929,
HSS,HSS2_1_2X2X1_4,6.26,1.74,2.5,2.0,,,,0.25,1.33,1.37,1.06,0.874,0.93,1.17,0.93,0.731,1.9,
HSS,HSS2_1_2X2X1_8,3.48,0.956,2.5,2.0,,,,0.125,0.833,0.809,0.667,0.934,0.589,0.694,0.589,0.785,1.12,
HSS,HSS2_1_2X2X3_16,4.96,1.37,2.5,2.0,,,,0.1875,1.12,1.12,0.894,0.904,0.786,0.956,0.786,0.758,1.55,
HSS,HSS2_1_2X2_1_2X1_4,7.11,1.97,2.5,2.5,,,,0.25,1.63,1.63,1.3,0.908,1.63,1.63,1.3,0.908,2.79,
HSS,HSS2_1_2X2_1_2X1_8,3.9,1.07,2.5,2.5,,,,0.125,0.998,0.947,0.799,0.965,0.998,0.947,0.799,0.965,1.61,
HSS,HSS2_1_2X2_1_2X3_16,5.59,1.54,2.5,2.5,,,,0.1875,1.35,1.32,1.08,0.937,1.35,1.32,1.08,0.937,2.25,
HSS,HSS2_1_2X2_1_2X5_16,8.45,2.35,2.5,2.5,,,,0.3125,1.82,1.88,1.46,0.88,1.82,1.88,1.46,0.88,3.2,
HSS,HSS2_1_4X2_1_4X1_4,6.26,1.74,2.25,2.25,,,,0.25,1.13,1.28,1.01,0.806,1.13,1.28,1.01,0.806,1.96,
HSS,HSS2_1_4X2_1_4X1_8,3.48,0.956,2.25,2.25,,,,0.125,0.712,0.755,0.633,0.863,0.712,0.755,0.633,0.863,1.15,
HSS,HSS2_1_4X2_1_4X3_16,4.96,1.37,2.25,2.25,,,,0.1875,0.953,1.04,0.847,0.835,0.953,1.04,0.847,0.835,1.6,
HSS,HSS30X10X1,249.85,68.7,30.0,10.0,,,,1.0,6900.0,606.0,460.0,10.0,1180.0,273.0,237.0,4.15,3460.0,
HSS,HSS30X10X1_2,130.52,35.8,30.0,10.0,,,,0.5,3810.0,326.0,254.0,10.3,679.0,149.0,136.0,4.36,1910.0,
HSS,HSS30X10X3_4,191.58,52.6,30.0,10.0,,,,0.75,5440.0,471.0,363.0,10.2,952.0,215.0,190.0,4.25,2730.0,
HSS,HSS30X10X5_8,161.4,44.3,30.0,10.0,,,,0.625,4640.0,400.0,310.0,10.2,820.0,183.0,164.0,4.31,2330.0,
HSS,HSS30X10X7_8,221.06,60.8,30.0,10.0,,,,0.875,6190.0,540.0,413.0,10.1,1070.0,245.0,215.0,4.2,3110.0,
HSS,HSS34X10X1,277.07,76.2,34.0,10.0,,,,1.0,9600.0,750.0,565.0,11.2,1340.0,307.0,268.0,4.19,4040.0,
HSS,HSS34X10X3_4,212.0,58.2,34.0,10.0,,,,0.75,7550.0,582.0,444.0,11.4,1070.0,240.0,215.0,4.29,3190.0,
HSS,HSS34X10X5_8,178.41,48.9,34.0,10.0,,,,0.625,6430.0,493.0,378.0,11.5,924.0,205.0,185.0,4.35,2720.0,
HSS,HSS34X10X7_8,244.88,67.3,34.0,10.0,,,,0.875,8600.0,668.0,506.0,11.3,1210.0,274.0,242.0,4.24,3630.0,
HSS,HSS3X1X1_8,3.05,0.84,3.0,1.0,,,,0.125,0.817,0.728,0.545,0.987,0.138,0.325,0.276,0.405,0.408,
HSS,HSS3X1X3_16,4.32,1.19,3.0,1.0,,,,0.1875,1.07,0.989,0.713,0.947,0.173,0.432,0.345,0.38,0.526,
HSS,HSS3X1_1_2X1_4,6.26,1.74,3.0,1.5,,,,0.25,1.68,1.51,1.12,0.982,0.543,0.911,0.725,0.559,1.44,
HSS,HSS3X1_1_2X1_8,3.48,0.956,3.0,1.5,,,,0.125,1.06,0.895,0.706,1.05,0.355,0.55,0.474,0.61,0.886,
HSS,HSS3X1_1_2X3_16,4.96,1.37,3.0,1.5,,,,0.1875,1.42,1.24,0.945,1.02,0.467,0.752,0.622,0.584,1.21,
HSS,HSS3X2X1_4,7.11,1.97,3.0,2.0,,,,0.25,2.13,1.83,1.42,1.04,1.11,1.38,1.11,0.751,2.52,
HSS,HSS3X2X1_8,3.9,1.07,3.0,2.0,,,,0.125,1.3,1.06,0.867,1.1,0.692,0.803,0.692,0.804,1.47,
HSS,HSS3X2X3_16,5.59,1.54,3.0,2.0,,,,0.1875,1.77,1.48,1.18,1.07,0.932,1.12,0.932,0.778,2.05,
HSS,HSS3X2X5_16,8.45,2.35,3.0,2.0,,,,0.3125,2.38,2.11,1.59,1.01,1.24,1.58,1.24,0.725,2.87,
HSS,HSS3X2_1_2X1_4,7.96,2.21,3.0,2.5,,,,0.25,2.57,2.16,1.72,1.08,1.93,1.9,1.54,0.935,3.74,
HSS,HSS3X2_1_2X1_8,4.33,1.19,3.0,2.5,,,,0.125,1.54,1.23,1.03,1.14,1.16,1.09,0.931,0.99,2.13,
HSS,HSS3X2_1_2X3_16,6.23,1.71,3.0,2.5,,,,0.1875,2.11,1.73,1.41,1.11,1.59,1.52,1.27,0.963,3.0,
HSS,HSS3X2_1_2X5_16,9.51,2.64,3.0,2.5,,,,0.3125,2.92,2.51,1.94,1.05,2.18,2.2,1.74,0.908,4.34,
HSS,HSS3X3X1_4,8.81,2.44,3.0,3.0,,,,0.25,3.02,2.48,2.01,1.11,3.02,2.48,2.01,1.11,5.08,
HSS,HSS3X3X1_8,4.75,1.3,3.0,3.0,,,,0.125,1.78,1.4,1.19,1.17,1.78,1.4,1.19,1.17,2.84,
HSS,HSS3X3X3_16,6.87,1.89,3.0,3.0,,,,0.1875,2.46,1.97,1.64,1.14,2.46,1.97,1.64,1.14,4.03,
HSS,HSS3X3X3_8,12.17,3.39,3.0,3.0,,,,0.375,3.78,3.25,2.52,1.06,3.78,3.25,2.52,1.06,6.64,
HSS,HSS3X3X5_16,10.58,2.94,3.0,3.0,,,,0.3125,3.45,2.9,2.3,1.08,3.45,2.9,2.3,1.08,5.94,
HSS,HSS3_1_2X1_1_2X1_4,7.11,1.97,3.5,1.5,,,,0.25,2.55,1.98,1.46,1.14,0.638,1.06,0.851,0.569,1.79,
HSS,HSS3_1_2X1_1_2X1_8,3.9,1.07,3.5,1.5,,,,0.125,1.57,1.15,0.896,1.21,0.411,0.63,0.548,0.619,1.09,
HSS,HSS3_1_2X1_1_2X3_16,5.59,1.54,3.5,1.5,,,,0.1875,2.12,1.6,1.21,1.17,0.544,0.867,0.725,0.594,1.49,
HSS,HSS3_1_2X2X1_4,7.96,2.21,3.5,2.0,,,,0.25,3.17,2.36,1.81,1.2,1.3,1.58,1.3,0.766,3.16,
HSS,HSS3_1_2X2X1_8,4.33,1.19,3.5,2.0,,,,0.125,1.9,1.34,1.09,1.27,0.795,0.912,0.795,0.818,1.83,
HSS,HSS3_1_2X2X3_16,6.23,1.71,3.5,2.0,,,,0.1875,2.61,1.89,1.49,1.23,1.08,1.27,1.08,0.792,2.55,
HSS,HSS3_1_2X2_1_2X1_4,8.81,2.44,3.5,2.5,,,,0.25,3.79,2.74,2.17,1.25,2.23,2.16,1.78,0.956,4.75,
HSS,HSS3_1_2X2_1_2X1_8,4.75,1.3,3.5,2.5,,,,0.125,2.23,1.54,1.28,1.31,1.33,1.22,1.06,1.01,2.67,
HSS,HSS3_1_2X2_1_2X3_16,6.87,1.89,3.5,2.5,,,,0.1875,3.09,2.18,1.76,1.28,1.82,1.72,1.46,0.983,3.78,
HSS,HSS3_1_2X2_1_2X3_8,12.17,3.39,3.5,2.5,,,,0.375,4.75,3.59,2.72,1.18,2.77,2.82,2.21,0.904,6.16,
HSS,HSS3_1_2X2_1_2X5_16,10.58,2.94,3.5,2.5,,,,0.3125,4.34,3.2,2.48,1.22,2.54,2.52,2.03,0.93,5.53,
HSS,HSS3_1_2X3_1_2X1_4,10.51,2.91,3.5,3.5,,,,0.25,5.04,3.5,2.88,1.32,5.04,3.5,2.88,1.32,8.35,
HSS,HSS3_1_2X3_1_2X1_8,5.61,1.54,3.5,3.5,,,,0.125,2.9,1.93,1.66,1.37,2.9,1.93,1.66,1.37,4.58,
HSS,HSS3_1_2X3_1_2X3_16,8.15,2.24,3.5,3.5,,,,0.1875,4.05,2.76,2.31,1.35,4.05,2.76,2.31,1.35,6.56,
HSS,HSS3_1_2X3_1_2X3_8,14.72,4.09,3.5,3.5,,,,0.375,6.49,4.69,3.71,1.26,6.49,4.69,3.71,1.26,11.2,
HSS,HSS3_1_2X3_1_2X5_16,12.7,3.52,3.5,3.5,,,,0.3125,5.84,4.14,3.34,1.29,5.84,4.14,3.34,1.29,9.89,
HSS,HSS4X1_1_2X1_4,7.96,2.21,4.0,1.5,,,,0.25,3.66,2.5,1.83,1.29,0.733,1.21,0.977,0.576,2.14,
HSS,HSS4X1_1_2X1_8,4.33,1.19,4.0,1.5,,,,0.125,2.21,1.43,1.11,1.36,0.467,0.71,0.622,0.627,1.3,
HSS,HSS4X1_1_2X3_16,6.23,1.71,4.0,1.5,,,,0.1875,3.02,2.01,1.51,1.33,0.621,0.982,0.827,0.602,1.78,
HSS,HSS4X2X1_4,8.81,2.44,4.0,2.0,,,,0.25,4.49,2.94,2.25,1.36,1.48,1.79,1.48,0.779,3.82,
HSS,HSS4X2X1_8,4.75,1.3,4.0,2.0,,,,0.125,2.65,1.66,1.32,1.43,0.898,1.02,0.898,0.83,2.2,
HSS,HSS4X2X3_16,6.87,1.89,4.0,2.0,,,,0.1875,3.66,2.34,1.83,1.39,1.22,1.43,1.22,0.804,3.08,
HSS,HSS4X2X3_8,12.17,3.39,4.0,2.0,,,,0.375,5.6,3.84,2.8,1.29,1.8,2.31,1.8,0.729,4.83,
HSS,HSS4X2X5_16,10.58,2.94,4.0,2.0,,,,0.3125,5.13,3.43,2.56,1.32,1.67,2.08,1.67,0.754,4.4,
HSS,HSS4X2_1_2X1_4,9.66,2.67,4.0,2.5,,,,0.25,5.32,3.38,2.66,1.41,2.53,2.43,2.02,0.973,5.78,
HSS,HSS4X2_1_2X1_8,5.18,1.42,4.0,2.5,,,,0.125,3.09,1.88,1.54,1.47,1.49,1.36,1.19,1.03,3.23,
HSS,HSS4X2_1_2X3_16,7.51,2.06,4.0,2.5,,,,0.1875,4.3,2.67,2.15,1.44,2.06,1.93,1.65,0.999,4.59,
HSS,HSS4X3X1_4,10.51,2.91,4.0,3.0,,,,0.25,6.15,3.81,3.07,1.45,3.91,3.12,2.61,1.16,7.96,
HSS,HSS4X3X1_8,5.61,1.54,4.0,3.0,,,,0.125,3.52,2.11,1.76,1.52,2.27,1.73,1.51,1.21,4.38,
HSS,HSS4X3X3_16,8.15,2.24,4.0,3.0,,,,0.1875,4.93,3.0,2.47,1.49,3.16,2.46,2.1,1.19,6.26,
HSS,HSS4X3X3_8,14.72,4.09,4.0,3.0,,,,0.375,7.93,5.12,3.97,1.39,5.01,4.18,3.34,1.11,10.6,
HSS,HSS4X3X5_16,12.7,3.52,4.0,3.0,,,,0.3125,7.14,4.51,3.57,1.42,4.52,3.69,3.02,1.13,9.41,
HSS,HSS4X4X1_2,21.63,6.02,4.0,4.0,,,,0.5,11.9,7.7,5.97,1.41,11.9,7.7,5.97,1.41,21.0,
HSS,HSS4X4X1_4,12.21,3.37,4.0,4.0,,,,0.25,7.8,4.69,3.9,1.52,7.8,4.69,3.9,1.52,12.8,
HSS,HSS4X4X1_8,6.46,1.77,4.0,4.0,,,,0.125,4.4,2.56,2.2,1.58,4.4,2.56,2.2,1.58,6.91,
HSS,HSS4X4X3_16,9.42,2.58,4.0,4.0,,,,0.1875,6.21,3.67,3.1,1.55,6.21,3.67,3.1,1.55,10.0,
HSS,HSS4X4X3_8,17.27,4.78,4.0,4.0,,,,0.375,10.3,6.39,5.13,1.47,10.3,6.39,5.13,1.47,17.5,
HSS,HSS4X4X5_16,14.83,4.1,4.0,4.0,,,,0.3125,9.14,5.59,4.57,1.49,9.14,5.59,4.57,1.49,15.3,
HSS,HSS4_1_2X4_1_2X1_2,25.03,6.95,4.5,4.5,,,,0.5,18.1,10.2,8.03,1.61,18.1,10.2,8.03,1.61,31.3,
HSS,HSS4_1_2X4_1_2X1_4,13.91,3.84,4.5,4.5,,,,0.25,11.4,6.06,5.08,1.73,11.4,6.06,5.08,1.73,18.5,
HSS,HSS4_1_2X4_1_2X1_8,7.31,2.0,4.5,4.5,,,,0.125,6.35,3.27,2.82,1.78,6.35,3.27,2.82,1.78,9.92,
HSS,HSS4_1_2X4_1_2X3_16,10.7,2.93,4.5,4.5,,,,0.1875,9.02,4.71,4.01,1.75,9.02,4.71,4.01,1.75,14.4,
HSS,HSS4_1_2X4_1_2X3_8,19.82,5.48,4.5,4.5,,,,0.375,15.3,8.36,6.79,1.67,15.3,8.36,6.79,1.67,25.7,
HSS,HSS4_1_2X4_1_2X5_16,16.96,4.68,4.5,4.5,,,,0.3125,13.5,7.27,6.0,1.7,13.5,7.27,6.0,1.7,22.3,
HSS,HSS5X2X1_4,10.51,2.91,5.0,2.0,,,,0.25,8.08,4.27,3.23,1.67,1.84,2.2,1.84,0.797,5.17,
HSS,HSS5X2X1_8,5.61,1.54,5.0,2.0,,,,0.125,4.65,2.37,1.86,1.74,1.1,1.24,1.1,0.848,2.95,
HSS,HSS5X2X3_16,8.15,2.24,5.0,2.0,,,,0.1875,6.5,3.37,2.6,1.7,1.51,1.75,1.51,0.823,4.15,
HSS,HSS5X2X3_8,14.72,4.09,5.0,2.0,,,,0.375,10.4,5.71,4.14,1.59,2.28,2.88,2.28,0.748,6.61,
HSS,HSS5X2X5_16,12.7,3.52,5.0,2.0,,,,0.3125,9.35,5.05,3.74,1.63,2.1,2.57,2.1,0.772,5.99,
HSS,HSS5X2_1_2X1_4,11.36,3.14,5.0,2.5,,,,0.25,9.4,4.83,3.76,1.73,3.13,2.95,2.5,0.999,7.93,
HSS,HSS5X2_1_2X1_8,6.03,1.65,5.0,2.5,,,,0.125,5.34,2.65,2.14,1.8,1.82,1.64,1.46,1.05,4.4,
HSS,HSS5X2_1_2X3_16,8.78,2.41,5.0,2.5,,,,0.1875,7.51,3.79,3.01,1.77,2.53,2.33,2.03,1.02,6.26,
HSS,HSS5X3X1_2,21.63,6.02,5.0,3.0,,,,0.5,16.4,8.83,6.57,1.65,7.18,6.1,4.78,1.09,17.6,
HSS,HSS5X3X1_4,12.21,3.37,5.0,3.0,,,,0.25,10.7,5.38,4.29,1.78,4.81,3.77,3.21,1.19,11.0,
HSS,HSS5X3X1_8,6.46,1.77,5.0,3.0,,,,0.125,6.03,2.93,2.41,1.85,2.75,2.07,1.83,1.25,6.02,
HSS,HSS5X3X3_16,9.42,2.58,5.0,3.0,,,,0.1875,8.53,4.21,3.41,1.82,3.85,2.96,2.57,1.22,8.64,
HSS,HSS5X3X3_8,17.27,4.78,5.0,3.0,,,,0.375,14.1,7.34,5.65,1.72,6.25,5.1,4.16,1.14,14.9,
HSS,HSS5X3X5_16,14.83,4.1,5.0,3.0,,,,0.3125,12.6,6.42,5.03,1.75,5.6,4.48,3.73,1.17,13.1,
HSS,HSS5X4X1_2,25.03,6.95,5.0,4.0,,,,0.5,21.2,10.9,8.49,1.75,14.9,9.35,7.43,1.46,30.3,
HSS,HSS5X4X1_4,13.91,3.84,5.0,4.0,,,,0.25,13.4,6.49,5.35,1.87,9.46,5.57,4.73,1.57,18.0,
HSS,HSS5X4X1_8,7.31,2.0,5.0,4.0,,,,0.125,7.42,3.5,2.97,1.93,5.27,3.01,2.64,1.62,9.66,
HSS,HSS5X4X3_16,10.7,2.93,5.0,4.0,,,,0.1875,10.6,5.05,4.22,1.9,7.48,4.34,3.74,1.6,14.0,
HSS,HSS5X4X3_8,19.82,5.48,5.0,4.0,,,,0.375,17.9,8.96,7.17,1.81,12.6,7.67,6.3,1.52,24.9,
HSS,HSS5X4X5_16,16.96,4.68,5.0,4.0,,,,0.3125,15.8,7.79,6.32,1.84,11.1,6.67,5.57,1.54,21.7,
HSS,HSS5X5X1_2,28.43,7.88,5.0,5.0,,,,0.5,26.0,13.1,10.4,1.82,26.0,13.1,10.4,1.82,44.6,
HSS,HSS5X5X1_4,15.62,4.3,5.0,5.0,,,,0.25,16.0,7.61,6.41,1.93,16.0,7.61,6.41,1.93,25.8,
HSS,HSS5X5X1_8,8.16,2.23,5.0,5.0,,,,0.125,8.8,4.07,3.52,1.99,8.8,4.07,3.52,1.99,13.7,
HSS,HSS5X5X3_16,11.97,3.28,5.0,5.0,,,,0.1875,12.6,5.89,5.03,1.96,12.6,5.89,5.03,1.96,19.9,
HSS,HSS5X5X3_8,22.37,6.18,5.0,5.0,,,,0.375,21.7,10.6,8.68,1.87,21.7,10.6,8.68,1.87,36.1,
HSS,HSS5X5X5_16,19.08,5.26,5.0,5.0,,,,0.3125,19.0,9.16,7.62,1.9,19.0,9.16,7.62,1.9,31.2,
HSS,HSS5_1_2X5_1_2X1_4,17.32,4.77,5.5,5.5,,,,0.25,21.7,9.32,7.9,2.13,21.7,9.32,7.9,2.13,34.8,
HSS,HSS5_1_2X5_1_2X1_8,9.01,2.46,5.5,5.5,,,,0.125,11.8,4.95,4.3,2.19,11.8,4.95,4.3,2.19,18.3,
HSS,HSS5_1_2X5_1_2X3_16,13.25,3.63,5.5,5.5,,,,0.1875,17.0,7.19,6.17,2.16,17.0,7.19,6.17,2.16,26.7,
HSS,HSS5_1_2X5_1_2X3_8,24.93,6.88,5.5,5.5,,,,0.375,29.7,13.1,10.8,2.08,29.7,13.1,10.8,2.08,49.0,
HSS,HSS5_1_2X5_1_2X5_16,21.21,5.85,5.5,5.5,,,,0.3125,25.9,11.3,9.43,2.11,25.9,11.3,9.43,2.11,42.2,
HSS,HSS6X2X1_4,12.21,3.37,6.0,2.0,,,,0.25,13.1,5.84,4.37,1.97,2.21,2.61,2.21,0.81,6.55,
HSS,HSS6X2X1_8,6.46,1.77,6.0,2.0,,,,0.125,7.42,3.19,2.47,2.05,1.31,1.46,1.31,0.861,3.72,
HSS,HSS6X2X3_16,9.42,2.58,6.0,2.0,,,,0.1875,10.5,4.58,3.49,2.01,1.8,2.07,1.8,0.836,5.24,
HSS,HSS6X2X3_8,17.27,4.78,6.0,2.0,,,,0.375,17.1,7.93,5.71,1.89,2.77,3.46,2.77,0.76,8.42,
HSS,HSS6X2X5_16,14.83,4.1,6.0,2.0,,,,0.3125,15.3,6.95,5.11,1.93,2.52,3.07,2.52,0.785,7.6,
HSS,HSS6X3X1_2,25.03,6.95,6.0,3.0,,,,0.5,26.8,12.1,8.95,1.97,8.69,7.28,5.79,1.12,23.1,
HSS,HSS6X3X1_4,13.91,3.84,6.0,3.0,,,,0.25,17.0,7.19,5.66,2.1,5.7,4.41,3.8,1.22,14.2,
HSS,HSS6X3X1_8,7.31,2.0,6.0,3.0,,,,0.125,9.43,3.87,3.14,2.17,3.23,2.4,2.15,1.27,7.73,
HSS,HSS6X3X3_16,10.7,2.93,6.0,3.0,,,,0.1875,13.4,5.59,4.47,2.14,4.55,3.45,3.03,1.25,11.1,
HSS,HSS6X3X3_8,19.82,5.48,6.0,3.0,,,,0.375,22.7,9.9,7.57,2.04,7.48,6.03,4.99,1.17,19.3,
HSS,HSS6X3X5_16,16.96,4.68,6.0,3.0,,,,0.3125,20.1,8.61,6.69,2.07,6.67,5.27,4.45,1.19,16.9,
HSS,HSS6X4X1_2,28.43,7.88,6.0,4.0,,,,0.5,34.0,14.6,11.3,2.08,17.8,11.0,8.89,1.5,40.3,
HSS,HSS6X4X1_4,15.62,4.3,6.0,4.0,,,,0.25,20.9,8.53,6.96,2.2,11.1,6.45,5.56,1.61,23.6,
HSS,HSS6X4X1_8,8.16,2.23,6.0,4.0,,,,0.125,11.4,4.56,3.81,2.26,6.15,3.46,3.08,1.66,12.6,
HSS,HSS6X4X3_16,11.97,3.28,6.0,4.0,,,,0.1875,16.4,6.6,5.46,2.23,8.76,5.0,4.38,1.63,18.2,
HSS,HSS6X4X3_8,22.37,6.18,6.0,4.0,,,,0.375,28.3,11.9,9.43,2.14,14.9,8.94,7.47,1.55,32.8,
HSS,HSS6X4X5_16,19.08,5.26,6.0,4.0,,,,0.3125,24.8,10.3,8.27,2.17,13.2,7.75,6.58,1.58,28.4,
HSS,HSS6X5X1_2,31.84,8.81,6.0,5.0,,,,0.5,41.1,17.2,13.7,2.16,30.8,15.2,12.3,1.87,59.8,
HSS,HSS6X5X1_4,17.32,4.77,6.0,5.0,,,,0.25,24.7,9.87,8.25,2.28,18.7,8.72,7.47,1.98,34.2,
HSS,HSS6X5X1_8,9.01,2.46,6.0,5.0,,,,0.125,13.4,5.24,4.48,2.34,10.2,4.63,4.07,2.03,18.0,
HSS,HSS6X5X3_16,13.25,3.63,6.0,5.0,,,,0.1875,19.3,7.62,6.44,2.31,14.6,6.73,5.84,2.01,26.3,
HSS,HSS6X5X3_8,24.93,6.88,6.0,5.0,,,,0.375,33.9,13.8,11.3,2.22,25.5,12.2,10.2,1.92,48.1,
HSS,HSS6X5X5_16,21.21,5.85,6.0,5.0,,,,0.3125,29.6,11.9,9.85,2.25,22.3,10.5,8.91,1.95,41.4,
HSS,HSS6X6X1_2,35.24,9.74,6.0,6.0,,,,0.5,48.3,19.8,16.1,2.23,48.3,19.8,16.1,2.23,81.1,
HSS,HSS6X6X1_4,19.02,5.24,6.0,6.0,,,,0.25,28.6,11.2,9.54,2.34,28.6,11.2,9.54,2.34,45.6,
HSS,HSS6X6X1_8,9.86,2.7,6.0,6.0,,,,0.125,15.5,5.92,5.15,2.39,15.5,5.92,5.15,2.39,23.9,
HSS,HSS6X6X3_16,14.53,3.98,6.0,6.0,,,,0.1875,22.3,8.63,7.42,2.37,22.3,8.63,7.42,2.37,35.0,
HSS,HSS6X6X3_8,27.48,7.58,6.0,6.0,,,,0.375,39.5,15.8,13.2,2.28,39.5,15.8,13.2,2.28,64.6,
HSS,HSS6X6X5_16,23.34,6.43,6.0,6.0,,,,0.3125,34.3,13.6,11.4,2.31,34.3,13.6,11.4,2.31,55.4,
HSS,HSS6X6X5_8,42.3,11.7,6.0,6.0,,,,0.625,55.2,23.2,18.4,2.17,55.2,23.2,18.4,2.17,94.9,
HSS,HSS7X2X1_4,13.91,3.84,7.0,2.0,,,,0.25,19.8,7.64,5.67,2.27,2.58,3.02,2.58,0.819,7.95,
HSS,HSS7X2X1_8,7.31,2.0,7.0,2.0,,,,0.125,11.1,4.13,3.16,2.35,1.52,1.68,1.52,0.871,4.51,
HSS,HSS7X2X3_16,10.7,2.93,7.0,2.0,,,,0.1875,15.7,5.95,4.49,2.31,2.1,2.39,2.1,0.845,6.35,
HSS,HSS7X3X1_2,28.43,7.88,7.0,3.0,,,,0.5,40.7,15.8,11.6,2.27,10.2,8.46,6.8,1.14,28.6,
HSS,HSS7X3X1_4,15.62,4.3,7.0,3.0,,,,0.25,25.2,9.22,7.19,2.42,6.6,5.06,4.4,1.24,17.5,
HSS,HSS7X3X1_8,8.16,2.23,7.0,3.0,,,,0.125,13.8,4.93,3.95,2.49,3.71,2.73,2.48,1.29,9.48,
HSS,HSS7X3X3_16,11.97,3.28,7.0,3.0,,,,0.1875,19.8,7.14,5.65,2.45,5.24,3.94,3.5,1.26,13.7,
HSS,HSS7X3X3_8,22.37,6.18,7.0,3.0,,,,0.375,34.1,12.8,9.73,2.35,8.71,6.95,5.81,1.19,23.9,
HSS,HSS7X3X5_16,19.08,5.26,7.0,3.0,,,,0.3125,29.9,11.1,8.54,2.38,7.74,6.05,5.16,1.21,20.9,
HSS,HSS7X4X1_2,31.84,8.81,7.0,4.0,,,,0.5,50.7,18.8,14.5,2.4,20.7,12.6,10.4,1.53,50.5,
HSS,HSS7X4X1_4,17.32,4.77,7.0,4.0,,,,0.25,30.5,10.8,8.72,2.53,12.8,7.33,6.38,1.64,29.3,
HSS,HSS7X4X1_8,9.01,2.46,7.0,4.0,,,,0.125,16.6,5.73,4.73,2.59,7.03,3.91,3.51,1.69,15.6,
HSS,HSS7X4X3_16,13.25,3.63,7.0,4.0,,,,0.1875,23.8,8.33,6.81,2.56,10.0,5.67,5.02,1.66,22.7,
HSS,HSS7X4X3_8,24.93,6.88,7.0,4.0,,,,0.375,41.8,15.1,11.9,2.46,17.3,10.2,8.63,1.58,41.0,
HSS,HSS7X4X5_16,21.21,5.85,7.0,4.0,,,,0.3125,36.5,13.1,10.4,2.5,15.2,8.83,7.58,1.61,35.4,
HSS,HSS7X5X1_2,35.24,9.74,7.0,5.0,,,,0.5,60.6,21.9,17.3,2.5,35.6,17.3,14.2,1.91,75.8,
HSS,HSS7X5X1_4,19.02,5.24,7.0,5.0,,,,0.25,35.9,12.4,10.2,2.62,21.3,9.83,8.53,2.02,42.9,
HSS,HSS7X5X1_8,9.86,2.7,7.0,5.0,,,,0.125,19.3,6.53,5.52,2.68,11.6,5.2,4.63,2.07,22.5,
HSS,HSS7X5X3_16,14.53,3.98,7.0,5.0,,,,0.1875,27.9,9.52,7.96,2.65,16.6,7.57,6.65,2.05,32.9,
HSS,HSS7X5X3_8,27.48,7.58,7.0,5.0,,,,0.375,49.5,17.5,14.1,2.56,29.3,13.8,11.7,1.97,60.6,
HSS,HSS7X5X5_16,23.34,6.43,7.0,5.0,,,,0.3125,43.0,15.0,12.3,2.59,25.5,11.9,10.2,1.99,52.1,
HSS,HSS7X7X1_2,42.05,11.6,7.0,7.0,,,,0.5,80.5,27.9,23.0,2.63,80.5,27.9,23.0,2.63,133.0,
HSS,HSS7X7X1_4,22.42,6.17,7.0,7.0,,,,0.25,46.5,15.5,13.3,2.75,46.5,15.5,13.3,2.75,73.5,
HSS,HSS7X7X1_8,11.56,3.16,7.0,7.0,,,,0.125,24.8,8.13,7.09,2.8,24.8,8.13,7.09,2.8,38.2,
HSS,HSS7X7X3_16,17.08,4.67,7.0,7.0,,,,0.1875,36.0,11.9,10.3,2.77,36.0,11.9,10.3,2.77,56.1,
HSS,HSS7X7X3_8,32.58,8.97,7.0,7.0,,,,0.375,65.0,22.1,18.6,2.69,65.0,22.1,18.6,2.69,105.0,
HSS,HSS7X7X5_16,27.59,7.59,7.0,7.0,,,,0.3125,56.1,18.9,16.0,2.72,56.1,18.9,16.0,2.72,89.7,
HSS,HSS7X7X5_8,50.81,14.0,7.0,7.0,,,,0.625,93.4,33.1,26.7,2.58,93.4,33.1,26.7,2.58,158.0,
HSS,HSS8X2X1_2,28.43,7.88,8.0,2.0,,,,0.5,45.3,16.5,11.3,2.4,4.19,5.47,4.19,0.73,13.6,
HSS,HSS8X2X1_4,15.62,4.3,8.0,2.0,,,,0.25,28.5,9.68,7.12,2.57,2.94,3.43,2.94,0.827,9.36,
HSS,HSS8X2X1_8,8.16,2.23,8.0,2.0,,,,0.125,15.7,5.19,3.93,2.65,1.72,1.9,1.72,0.879,5.3,
HSS,HSS8X2X3_16,11.97,3.28,8.0,2.0,,,,0.1875,22.4,7.51,5.61,2.61,2.39,2.7,2.39,0.853,7.48,
HSS,HSS8X2X3_8,22.37,6.18,8.0,2.0,,,,0.375,38.2,13.4,9.56,2.49,3.73,4.61,3.73,0.777,12.1,
HSS,HSS8X2X5_16,19.08,5.26,8.0,2.0,,,,0.3125,33.7,11.6,8.43,2.53,3.38,4.06,3.38,0.802,10.9,
HSS,HSS8X3X1_2,31.84,8.81,8.0,3.0,,,,0.5,58.6,20.0,14.6,2.58,11.7,9.64,7.81,1.15,34.3,
HSS,HSS8X3X1_4,17.32,4.77,8.0,3.0,,,,0.25,35.5,11.5,8.88,2.73,7.49,5.7,4.99,1.25,20.8,
HSS,HSS8X3X1_8,9.01,2.46,8.0,3.0,,,,0.125,19.3,6.11,4.83,2.8,4.2,3.07,2.8,1.31,11.3,
HSS,HSS8X3X3_16,13.25,3.63,8.0,3.0,,,,0.1875,27.8,8.87,6.94,2.77,5.94,4.43,3.96,1.28,16.2,
HSS,HSS8X3X3_8,24.93,6.88,8.0,3.0,,,,0.375,48.5,16.1,12.1,2.65,10.0,7.88,6.63,1.2,28.5,
HSS,HSS8X3X5_16,21.21,5.85,8.0,3.0,,,,0.3125,42.4,13.9,10.6,2.69,8.81,6.84,5.87,1.23,24.9,
HSS,HSS8X4X1_2,35.24,9.74,8.0,4.0,,,,0.5,71.8,23.5,17.9,2.71,23.6,14.3,11.8,1.56,61.1,
HSS,HSS8X4X1_4,19.02,5.24,8.0,4.0,,,,0.25,42.5,13.3,10.6,2.85,14.4,8.2,7.21,1.66,35.3,
HSS,HSS8X4X1_8,9.86,2.7,8.0,4.0,,,,0.125,22.9,7.02,5.73,2.92,7.9,4.36,3.95,1.71,18.7,
HSS,HSS8X4X3_16,14.53,3.98,8.0,4.0,,,,0.1875,33.1,10.2,8.27,2.88,11.3,6.33,5.65,1.69,27.2,
HSS,HSS8X4X3_8,27.48,7.58,8.0,4.0,,,,0.375,58.7,18.8,14.7,2.78,19.6,11.5,9.8,1.61,49.3,
HSS,HSS8X4X5_16,23.34,6.43,8.0,4.0,,,,0.3125,51.0,16.1,12.8,2.82,17.2,9.91,8.58,1.63,42.6,
HSS,HSS8X4X5_8,42.3,11.7,8.0,4.0,,,,0.625,82.0,27.4,20.5,2.64,26.6,16.6,13.3,1.51,70.3,
HSS,HSS8X6X1_2,42.05,11.6,8.0,6.0,,,,0.5,98.2,30.5,24.6,2.91,62.5,24.9,20.8,2.32,127.0,
HSS,HSS8X6X1_4,22.42,6.17,8.0,6.0,,,,0.25,56.6,16.9,14.2,3.03,36.4,13.9,12.1,2.43,70.3,
HSS,HSS8X6X3_16,17.08,4.67,8.0,6.0,,,,0.1875,43.7,13.0,10.9,3.06,28.2,10.7,9.39,2.46,53.7,
HSS,HSS8X6X3_8,32.58,8.97,8.0,6.0,,,,0.375,79.1,24.1,19.8,2.97,50.6,19.8,16.9,2.38,100.0,
HSS,HSS8X6X5_16,27.59,7.59,8.0,6.0,,,,0.3125,68.3,20.6,17.1,3.0,43.8,16.9,14.6,2.4,85.8,
HSS,HSS8X6X5_8,50.81,14.0,8.0,6.0,,,,0.625,114.0,36.1,28.5,2.85,72.3,29.5,24.1,2.27,150.0,
HSS,HSS8X8X1_2,48.85,13.5,8.0,8.0,,,,0.5,125.0,37.5,31.2,3.04,125.0,37.5,31.2,3.04,204.0,
HSS,HSS8X8X1_4,25.82,7.1,8.0,8.0,,,,0.25,70.7,20.5,17.7,3.15,70.7,20.5,17.7,3.15,111.0,
HSS,HSS8X8X1_8,13.26,3.62,8.0,8.0,,,,0.125,37.4,10.7,9.34,3.21,37.4,10.7,9.34,3.21,57.3,
HSS,HSS8X8X3_16,19.63,5.37,8.0,8.0,,,,0.1875,54.4,15.7,13.6,3.18,54.4,15.7,13.6,3.18,84.5,
HSS,HSS8X8X3_8,37.69,10.4,8.0,8.0,,,,0.375,100.0,29.4,24.9,3.1,100.0,29.4,24.9,3.1,160.0,
HSS,HSS8X8X5_16,31.84,8.76,8.0,8.0,,,,0.3125,85.6,25.1,21.4,3.13,85.6,25.1,21.4,3.13,136.0,
HSS,HSS8X8X5_8,59.32,16.4,8.0,8.0,,,,0.625,146.0,44.7,36.5,2.99,146.0,44.7,36.5,2.99,244.0,
HSS,HSS9X3X1_2,35.24,9.74,9.0,3.0,,,,0.5,80.8,24.6,18.0,2.88,13.2,10.8,8.81,1.17,40.0,
HSS,HSS9X3X1_4,19.02,5.24,9.0,3.0,,,,0.25,48.2,14.0,10.7,3.04,8.38,6.35,5.59,1.27,24.2,
HSS,HSS9X3X3_16,14.53,3.98,9.0,3.0,,,,0.1875,37.6,10.8,8.35,3.07,6.64,4.92,4.42,1.29,18.9,
HSS,HSS9X3X3_8,27.48,7.58,9.0,3.0,,,,0.375,66.3,19.7,14.7,2.96,11.2,8.8,7.45,1.21,33.1,
HSS,HSS9X3X5_16,23.34,6.43,9.0,3.0,,,,0.3125,57.7,16.9,12.8,3.0,9.88,7.63,6.59,1.24,28.9,
HSS,HSS9X5X1_2,42.05,11.6,9.0,5.0,,,,0.5,115.0,32.5,25.5,3.14,45.2,21.5,18.1,1.97,109.0,
HSS,HSS9X5X1_4,22.42,6.17,9.0,5.0,,,,0.25,66.1,18.1,14.7,3.27,26.6,12.0,10.6,2.08,61.2,
HSS,HSS9X5X3_16,17.08,4.67,9.0,5.0,,,,0.1875,51.1,13.8,11.4,3.31,20.7,9.25,8.28,2.1,46.9,
HSS,HSS9X5X3_8,32.58,8.97,9.0,5.0,,,,0.375,92.5,25.7,20.5,3.21,36.8,17.1,14.7,2.03,86.9,
HSS,HSS9X5X5_16,27.59,7.59,9.0,5.0,,,,0.3125,79.8,22.0,17.7,3.24,32.0,14.6,12.8,2.05,74.4,
HSS,HSS9X5X5_8,50.81,14.0,9.0,5.0,,,,0.625,133.0,38.5,29.6,3.08,52.0,25.3,20.8,1.92,128.0,
HSS,HSS9X7X1_2,48.85,13.5,9.0,7.0,,,,0.5,149.0,40.5,33.0,3.32,100.0,34.0,28.7,2.73,197.0,
HSS,HSS9X7X1_4,25.82,7.1,9.0,7.0,,,,0.25,84.1,22.2,18.7,3.44,57.2,18.7,16.3,2.84,107.0,
HSS,HSS9X7X3_16,19.63,5.37,9.0,7.0,,,,0.1875,64.7,16.9,14.4,3.47,44.1,14.3,12.6,2.87,81.7,
HSS,HSS9X7X3_8,37.69,10.4,9.0,7.0,,,,0.375,119.0,31.8,26.4,3.38,80.4,26.7,23.0,2.78,154.0,
HSS,HSS9X7X5_16,31.84,8.76,9.0,7.0,,,,0.3125,102.0,27.1,22.6,3.41,69.2,22.8,19.8,2.81,131.0,
HSS,HSS9X7X5_8,59.32,16.4,9.0,7.0,,,,0.625,174.0,48.3,38.7,3.26,117.0,40.5,33.5,2.68,235.0,
HSS,HSS9X9X1_2,55.66,15.3,9.0,9.0,,,,0.5,183.0,48.4,40.6,3.45,183.0,48.4,40.6,3.45,296.0,
HSS,HSS9X9X1_4,29.23,8.03,9.0,9.0,,,,0.25,102.0,26.2,22.7,3.56,102.0,26.2,22.7,3.56,159.0,
HSS,HSS9X9X1_8,14.96,4.09,9.0,9.0,,,,0.125,53.5,13.6,11.9,3.62,53.5,13.6,11.9,3.62,82.0,
HSS,HSS9X9X3_16,22.18,6.06,9.0,9.0,,,,0.1875,78.2,20.0,17.4,3.59,78.2,20.0,17.4,3.59,121.0,
HSS,HSS9X9X3_8,42.79,11.8,9.0,9.0,,,,0.375,145.0,37.8,32.2,3.51,145.0,37.8,32.2,3.51,231.0,
HSS,HSS9X9X5_16,36.1,9.92,9.0,9.0,,,,0.3125,124.0,32.1,27.6,3.54,124.0,32.1,27.6,3.54,196.0,
HSS,HSS9X9X5_8,67.82,18.7,9.0,9.0,,,,0.625,216.0,58.1,47.9,3.4,216.0,58.1,47.9,3.4,356.0,
HSS_R,HSS10_000X0_188,19.72,5.37,,,,,10.0,0.188,64.8,16.8,13.0,3.47,64.8,16.8,13.0,3.47,130.0,
HSS_R,HSS10_000X0_250,26.06,7.15,,,,,10.0,0.25,85.3,22.2,17.1,3.45,85.3,22.2,17.1,3.45,171.0,
HSS_R,HSS10_000X0_312,32.31,8.88,,,,,10.0,0.312,105.0,27.4,20.9,3.43,105.0,27.4,20.9,3.43,209.0,
HSS_R,HSS10_000X0_375,38.58,10.6,,,,,10.0,0.375,123.0,32.5,24.7,3.41,123.0,32.5,24.7,3.41,247.0,
HSS_R,HSS10_000X0_500,50.78,13.9,,,,,10.0,0.5,159.0,42.3,31.7,3.38,159.0,42.3,31.7,3.38,317.0,
HSS_R,HSS10_000X0_625,62.64,17.2,,,,,10.0,0.625,191.0,51.6,38.3,3.34,191.0,51.6,38.3,3.34,383.0,
HSS_R,HSS10_750X0_188,21.17,5.79,,,,,10.8,0.188,81.0,19.5,15.1,3.74,81.0,19.5,15.1,3.74,162.0,
HSS_R,HSS10_750X0_250,28.06,7.7,,,,,10.8,0.25,106.0,25.8,19.8,3.72,106.0,25.8,19.8,3.72,213.0,
HSS_R,HSS10_750X0_313,34.87,9.55,,,,,10.8,0.313,131.0,31.8,24.3,3.7,131.0,31.8,24.3,3.7,261.0,
HSS_R,HSS10_750X0_375,41.59,11.4,,,,,10.8,0.375,154.0,37.8,28.7,3.68,154.0,37.8,28.7,3.68,309.0,
HSS_R,HSS10_750X0_500,54.79,15.0,,,,,10.8,0.5,199.0,49.2,37.0,3.64,199.0,49.2,37.0,3.64,398.0,
HSS_R,HSS10_750X0_625,67.65,18.6,,,,,10.8,0.625,241.0,60.2,44.8,3.6,241.0,60.2,44.8,3.6,482.0,
HSS_R,HSS11_750X0_250,30.73,8.41,,,,,11.8,0.25,140.0,30.8,23.8,4.07,140.0,30.8,23.8,4.07,279.0,
HSS_R,HSS11_750X0_337,41.12,11.3,,,,,11.8,0.337,184.0,41.0,31.4,4.04,184.0,41.0,31.4,4.04,368.0,
HSS_R,HSS11_750X0_375,45.6,12.5,,,,,11.8,0.375,203.0,45.3,34.6,4.03,203.0,45.3,34.6,4.03,406.0,
HSS_R,HSS11_750X0_500,60.13,16.5,,,,,11.8,0.5,263.0,59.3,44.7,3.99,263.0,59.3,44.7,3.99,526.0,
HSS_R,HSS11_750X0_625,74.33,20.4,,,,,11.8,0.625,319.0,72.6,54.3,3.95,319.0,72.6,54.3,3.95,638.0,
HSS_R,HSS12_000X0_250,31.4,8.6,,,,,12.0,0.25,149.0,32.2,24.8,4.16,149.0,32.2,24.8,4.16,298.0,
HSS_R,HSS12_000X0_375,46.6,12.8,,,,,12.0,0.375,217.0,47.4,36.1,4.12,217.0,47.4,36.1,4.12,434.0,
HSS_R,HSS12_000X0_500,61.47,16.9,,,,,12.0,0.5,281.0,61.9,46.8,4.08,281.0,61.9,46.8,4.08,561.0,
HSS_R,HSS12_000X0_625,76.0,20.9,,,,,12.0,0.625,341.0,75.9,56.8,4.04,341.0,75.9,56.8,4.04,681.0,
HSS_R,HSS12_750X0_188,25.18,6.89,,,,,12.8,0.188,136.0,27.6,21.4,4.45,136.0,27.6,21.4,4.45,272.0,
HSS_R,HSS12_750X0_250,33.41,9.16,,,,,12.8,0.25,180.0,36.5,28.2,4.43,180.0,36.5,28.2,4.43,359.0,
HSS_R,HSS12_750X0_375,49.61,13.6,,,,,12.8,0.375,262.0,53.7,41.0,4.39,262.0,53.7,41.0,4.39,523.0,
HSS_R,HSS12_750X0_500,65.48,17.9,,,,,12.8,0.5,339.0,70.2,53.2,4.35,339.0,70.2,53.2,4.35,678.0,
HSS_R,HSS12_750X0_625,81.01,22.2,,,,,12.8,0.625,412.0,86.1,64.7,4.31,412.0,86.1,64.7,4.31,824.0,
HSS_R,HSS12_750X0_750,96.21,26.4,,,,,12.8,0.75,481.0,101.0,75.5,4.27,481.0,101.0,75.5,4.27,962.0,
HSS_R,HSS13_375X0_188,26.43,7.23,,,,,13.4,0.188,158.0,30.4,23.6,4.67,158.0,30.4,23.6,4.67,315.0,
HSS_R,HSS13_375X0_250,35.08,9.6,,,,,13.4,0.25,207.0,40.2,31.0,4.65,207.0,40.2,31.0,4.65,415.0,
HSS_R,HSS13_375X0_313,43.64,11.9,,,,,13.4,0.313,256.0,49.8,38.2,4.63,256.0,49.8,38.2,4.63,512.0,
HSS_R,HSS13_375X0_375,52.11,14.3,,,,,13.4,0.375,303.0,59.2,45.3,4.61,303.0,59.2,45.3,4.61,606.0,
HSS_R,HSS13_375X0_500,68.82,18.9,,,,,13.4,0.5,393.0,77.5,58.8,4.57,393.0,77.5,58.8,4.57,787.0,
HSS_R,HSS13_375X0_625,85.19,23.4,,,,,13.4,0.625,479.0,95.2,71.6,4.53,479.0,95.2,71.6,4.53,958.0,
HSS_R,HSS14_000X0_188,27.69,7.57,,,,,14.0,0.188,181.0,33.3,25.9,4.89,181.0,33.3,25.9,4.89,362.0,
HSS_R,HSS14_000X0_250,36.75,10.1,,,,,14.0,0.25,239.0,44.2,34.1,4.87,239.0,44.2,34.1,4.87,478.0,
HSS_R,HSS14_000X0_312,45.65,12.5,,,,,14.0,0.312,295.0,54.7,42.1,4.85,295.0,54.7,42.1,4.85,589.0,
HSS_R,HSS14_000X0_375,54.62,15.0,,,,,14.0,0.375,349.0,65.1,49.8,4.83,349.0,65.1,49.8,4.83,698.0,
HSS_R,HSS14_000X0_500,72.16,19.8,,,,,14.0,0.5,453.0,85.2,64.8,4.79,453.0,85.2,64.8,4.79,907.0,
HSS_R,HSS14_000X0_625,89.36,24.5,,,,,14.0,0.625,552.0,105.0,78.9,4.75,552.0,105.0,78.9,4.75,1100.0,
HSS_R,HSS14_000X0_750,106.23,29.1,,,,,14.0,0.75,647.0,124.0,92.4,4.71,647.0,124.0,92.4,4.71,1290.0,
HSS_R,HSS14_000X0_875,122.77,33.7,,,,,14.0,0.875,735.0,142.0,105.0,4.67,735.0,142.0,105.0,4.67,1470.0,
HSS_R,HSS14_000X1_000,138.97,38.2,,,,,14.0,1.0,820.0,159.0,117.0,4.63,820.0,159.0,117.0,4.63,1640.0,
HSS_R,HSS16_000X0_250,42.09,11.5,,,,,16.0,0.25,359.0,57.9,44.8,5.58,359.0,57.9,44.8,5.58,717.0,
HSS_R,HSS16_000X0_312,52.32,14.4,,,,,16.0,0.312,443.0,71.8,55.4,5.55,443.0,71.8,55.4,5.55,886.0,
HSS_R,HSS16_000X0_375,62.64,17.2,,,,,16.0,0.375,526.0,85.5,65.7,5.53,526.0,85.5,65.7,5.53,1050.0,
HSS_R,HSS16_000X0_438,72.87,19.9,,,,,16.0,0.438,606.0,99.0,75.8,5.51,606.0,99.0,75.8,5.51,1210.0,
HSS_R,HSS16_000X0_500,82.85,22.7,,,,,16.0,0.5,685.0,112.0,85.7,5.49,685.0,112.0,85.7,5.49,1370.0,
HSS_R,HSS16_000X0_625,103.0,28.1,,,,,16.0,0.625,838.0,138.0,105.0,5.46,838.0,138.0,105.0,5.46,1680.0,
HSS_R,HSS16_000X0_750,122.27,33.5,,,,,16.0,0.75,984.0,163.0,123.0,5.42,984.0,163.0,123.0,5.42,1970.0,
HSS_R,HSS16_000X0_875,141.48,38.8,,,,,16.0,0.875,1120.0,188.0,140.0,5.38,1120.0,188.0,140.0,5.38,2240.0,
HSS_R,HSS16_000X1_000,160.35,44.0,,,,,16.0,1.0,1250.0,211.0,157.0,5.34,1250.0,211.0,157.0,5.34,2510.0,
HSS_R,HSS18_000X0_250,47.44,13.0,,,,,18.0,0.25,512.0,73.4,56.9,6.28,512.0,73.4,56.9,6.28,1020.0,
HSS_R,HSS18_000X0_313,59.09,16.2,,,,,18.0,0.313,634.0,91.2,70.4,6.26,634.0,91.2,70.4,6.26,1270.0,
HSS_R,HSS18_000X0_375,70.66,19.4,,,,,18.0,0.375,754.0,109.0,83.8,6.24,754.0,109.0,83.8,6.24,1510.0,
HSS_R,HSS18_000X0_500,93.54,25.6,,,,,18.0,0.5,985.0,143.0,109.0,6.2,985.0,143.0,109.0,6.2,1970.0,
HSS_R,HSS18_000X0_625,116.09,31.8,,,,,18.0,0.625,1210.0,176.0,134.0,6.16,1210.0,176.0,134.0,6.16,2420.0,
HSS_R,HSS18_000X0_750,138.3,37.9,,,,,18.0,0.75,1420.0,209.0,158.0,6.12,1420.0,209.0,158.0,6.12,2840.0,
HSS_R,HSS18_000X0_875,160.19,43.9,,,,,18.0,0.875,1630.0,241.0,181.0,6.08,1630.0,241.0,181.0,6.08,3250.0,
HSS_R,HSS18_000X1_000,181.73,49.9,,,,,18.0,1.0,1820.0,271.0,202.0,6.04,1820.0,271.0,202.0,6.04,3640.0,
HSS_R,HSS1_660X0_140,2.27,0.625,,,,,1.66,0.14,0.184,0.305,0.222,0.543,0.184,0.305,0.222,0.543,0.368,
HSS_R,HSS1_900X0_120,2.28,0.624,,,,,1.9,0.12,0.251,0.356,0.264,0.634,0.251,0.356,0.264,0.634,0.501,
HSS_R,HSS1_900X0_145,2.72,0.749,,,,,1.9,0.145,0.293,0.421,0.309,0.626,0.293,0.421,0.309,0.626,0.586,
HSS_R,HSS1_900X0_188,3.44,0.943,,,,,1.9,0.188,0.355,0.52,0.374,0.613,0.355,0.52,0.374,0.613,0.71,
HSS_R,HSS20_000X0_250,52.78,14.4,,,,,20.0,0.25,705.0,90.9,70.5,6.99,705.0,90.9,70.5,6.99,1410.0,
HSS_R,HSS20_000X0_313,65.77,18.0,,,,,20.0,0.313,874.0,113.0,87.4,6.97,874.0,113.0,87.4,6.97,1750.0,
HSS_R,HSS20_000X0_375,78.67,21.5,,,,,20.0,0.375,1040.0,135.0,104.0,6.95,1040.0,135.0,104.0,6.95,2080.0,
HSS_R,HSS20_000X0_500,104.0,28.5,,,,,20.0,0.5,1360.0,177.0,136.0,6.91,1360.0,177.0,136.0,6.91,2720.0,
HSS_R,HSS20_000X0_625,129.45,35.5,,,,,20.0,0.625,1670.0,219.0,167.0,6.87,1670.0,219.0,167.0,6.87,3350.0,
HSS_R,HSS20_000X0_750,154.34,42.3,,,,,20.0,0.75,1970.0,260.0,197.0,6.83,1970.0,260.0,197.0,6.83,3940.0,
HSS_R,HSS20_000X0_875,178.89,49.0,,,,,20.0,0.875,2260.0,300.0,226.0,6.79,2260.0,300.0,226.0,6.79,4520.0,
HSS_R,HSS20_000X1_000,203.11,55.7,,,,,20.0,1.0,2540.0,338.0,254.0,6.75,2540.0,338.0,254.0,6.75,5080.0,
HSS_R,HSS22_000X0_313,72.45,19.8,,,,,22.0,0.313,1170.0,137.0,106.0,7.68,1170.0,137.0,106.0,7.68,2340.0,
HSS_R,HSS22_000X0_375,86.69,23.7,,,,,22.0,0.375,1390.0,163.0,126.0,7.66,1390.0,163.0,126.0,7.66,2780.0,
HSS_R,HSS22_000X0_500,114.92,31.5,,,,,22.0,0.5,1820.0,216.0,166.0,7.62,1820.0,216.0,166.0,7.62,3650.0,
HSS_R,HSS22_000X0_625,142.81,39.1,,,,,22.0,0.625,2240.0,267.0,204.0,7.58,2240.0,267.0,204.0,7.58,4490.0,
HSS_R,HSS22_000X0_750,170.37,46.7,,,,,22.0,0.75,2650.0,317.0,241.0,7.54,2650.0,317.0,241.0,7.54,5300.0,
HSS_R,HSS24_000X0_313,79.13,21.6,,,,,24.0,0.313,1520.0,163.0,127.0,8.38,1520.0,163.0,127.0,8.38,3040.0,
HSS_R,HSS24_000X0_375,94.71,25.9,,,,,24.0,0.375,1810.0,195.0,151.0,8.36,1810.0,195.0,151.0,8.36,3620.0,
HSS_R,HSS24_000X0_500,125.61,34.4,,,,,24.0,0.5,2380.0,258.0,198.0,8.32,2380.0,258.0,198.0,8.32,4760.0,
HSS_R,HSS24_000X0_625,156.18,42.8,,,,,24.0,0.625,2930.0,319.0,244.0,8.28,2930.0,319.0,244.0,8.28,5870.0,
HSS_R,HSS24_000X0_750,186.41,51.1,,,,,24.0,0.75,3470.0,379.0,289.0,8.24,3470.0,379.0,289.0,8.24,6940.0,
HSS_R,HSS24_000X0_875,216.31,59.3,,,,,24.0,0.875,3990.0,438.0,332.0,8.2,3990.0,438.0,332.0,8.2,7980.0,
HSS_R,HSS24_000X1_000,245.87,67.4,,,,,24.0,1.0,4490.0,495.0,374.0,8.16,4490.0,495.0,374.0,8.16,8980.0,
HSS_R,HSS26_000X0_313,85.81,23.5,,,,,26.0,0.313,1940.0,192.0,149.0,9.09,1940.0,192.0,149.0,9.09,3880.0,
HSS_R,HSS26_000X0_375,102.73,28.1,,,,,26.0,0.375,2310.0,229.0,178.0,9.07,2310.0,229.0,178.0,9.07,4620.0,
HSS_R,HSS26_000X0_500,136.3,37.3,,,,,26.0,0.5,3040.0,303.0,234.0,9.03,3040.0,303.0,234.0,9.03,6080.0,
HSS_R,HSS26_000X0_625,169.54,46.4,,,,,26.0,0.625,3750.0,376.0,289.0,8.99,3750.0,376.0,289.0,8.99,7500.0,
HSS_R,HSS26_000X0_750,202.44,55.4,,,,,26.0,0.75,4440.0,447.0,342.0,8.95,4440.0,447.0,342.0,8.95,8880.0,
HSS_R,HSS28_000X0_375,110.74,30.3,,,,,28.0,0.375,2900.0,267.0,207.0,9.78,2900.0,267.0,207.0,9.78,5790.0,
HSS_R,HSS28_000X0_500,146.99,40.2,,,,,28.0,0.5,3810.0,353.0,272.0,9.74,3810.0,353.0,272.0,9.74,7630.0,
HSS_R,HSS28_000X0_625,182.9,50.1,,,,,28.0,0.625,4710.0,437.0,336.0,9.7,4710.0,437.0,336.0,9.7,9410.0,
HSS_R,HSS28_000X0_750,218.48,59.8,,,,,28.0,0.75,5580.0,520.0,398.0,9.66,5580.0,520.0,398.0,9.66,11200.0,
HSS_R,HSS28_000X0_875,253.72,69.5,,,,,28.0,0.875,6430.0,602.0,459.0,9.62,6430.0,602.0,459.0,9.62,12900.0,
HSS_R,HSS28_000X1_000,288.63,79.1,,,,,28.0,1.0,7250.0,682.0,518.0,9.58,7250.0,682.0,518.0,9.58,14500.0,
HSS_R,HSS2_375X0_125,3.01,0.823,,,,,2.38,0.125,0.527,0.592,0.443,0.8,0.527,0.592,0.443,0.8,1.05,
HSS_R,HSS2_375X0_154,3.66,1.0,,,,,2.38,0.154,0.627,0.713,0.528,0.791,0.627,0.713,0.528,0.791,1.25,
HSS_R,HSS2_375X0_188,4.4,1.2,,,,,2.38,0.188,0.733,0.845,0.617,0.781,0.733,0.845,0.617,0.781,1.47,
HSS_R,HSS2_375X0_218,5.03,1.39,,,,,2.38,0.218,0.824,0.96,0.694,0.771,0.824,0.96,0.694,0.771,1.65,
HSS_R,HSS2_375X0_250,5.68,1.57,,,,,2.38,0.25,0.91,1.07,0.766,0.762,0.91,1.07,0.766,0.762,1.82,
HSS_R,HSS2_500X0_125,3.17,0.869,,,,,2.5,0.125,0.619,0.66,0.495,0.844,0.619,0.66,0.495,0.844,1.24,
HSS_R,HSS2_500X0_188,4.65,1.27,,,,,2.5,0.188,0.865,0.943,0.692,0.825,0.865,0.943,0.692,0.825,1.73,
HSS_R,HSS2_500X0_250,6.01,1.66,,,,,2.5,0.25,1.08,1.2,0.862,0.806,1.08,1.2,0.862,0.806,2.15,
HSS_R,HSS2_875X0_125,3.67,1.01,,,,,2.88,0.125,0.958,0.884,0.667,0.976,0.958,0.884,0.667,0.976,1.92,
HSS_R,HSS2_875X0_188,5.4,1.48,,,,,2.88,0.188,1.35,1.27,0.941,0.957,1.35,1.27,0.941,0.957,2.7,
HSS_R,HSS2_875X0_203,5.8,1.59,,,,,2.88,0.203,1.45,1.37,1.01,0.952,1.45,1.37,1.01,0.952,2.89,
HSS_R,HSS2_875X0_250,7.02,1.93,,,,,2.88,0.25,1.7,1.63,1.18,0.938,1.7,1.63,1.18,0.938,3.4,
HSS_R,HSS3_000X0_125,3.84,1.05,,,,,3.0,0.125,1.09,0.965,0.73,1.02,1.09,0.965,0.73,1.02,2.19,
HSS_R,HSS3_000X0_134,4.11,1.12,,,,,3.0,0.134,1.16,1.03,0.774,1.02,1.16,1.03,0.774,1.02,2.32,
HSS_R,HSS3_000X0_152,4.63,1.27,,,,,3.0,0.152,1.3,1.15,0.865,1.01,1.3,1.15,0.865,1.01,2.59,
HSS_R,HSS3_000X0_188,5.65,1.54,,,,,3.0,0.188,1.55,1.39,1.03,1.0,1.55,1.39,1.03,1.0,3.1,
HSS_R,HSS3_000X0_203,6.07,1.67,,,,,3.0,0.203,1.66,1.5,1.1,0.996,1.66,1.5,1.1,0.996,3.31,
HSS_R,HSS3_000X0_216,6.43,1.77,,,,,3.0,0.216,1.74,1.58,1.16,0.992,1.74,1.58,1.16,0.992,3.48,
HSS_R,HSS3_000X0_250,7.35,2.03,,,,,3.0,0.25,1.95,1.79,1.3,0.982,1.95,1.79,1.3,0.982,3.9,
HSS_R,HSS3_500X0_125,4.51,1.23,,,,,3.5,0.125,1.77,1.33,1.01,1.2,1.77,1.33,1.01,1.2,3.53,
HSS_R,HSS3_500X0_188,6.66,1.82,,,,,3.5,0.188,2.52,1.93,1.44,1.18,2.52,1.93,1.44,1.18,5.04,
HSS_R,HSS3_500X0_203,7.15,1.97,,,,,3.5,0.203,2.7,2.07,1.54,1.17,2.7,2.07,1.54,1.17,5.41,
HSS_R,HSS3_500X0_216,7.58,2.08,,,,,3.5,0.216,2.84,2.19,1.63,1.17,2.84,2.19,1.63,1.17,5.69,
HSS_R,HSS3_500X0_250,8.69,2.39,,,,,3.5,0.25,3.21,2.49,1.83,1.16,3.21,2.49,1.83,1.16,6.41,
HSS_R,HSS3_500X0_300,10.26,2.82,,,,,3.5,0.3,3.69,2.9,2.11,1.14,3.69,2.9,2.11,1.14,7.38,
HSS_R,HSS3_500X0_313,10.66,2.93,,,,,3.5,0.313,3.81,3.0,2.18,1.14,3.81,3.0,2.18,1.14,7.61,
HSS_R,HSS4_000X0_125,5.18,1.42,,,,,4.0,0.125,2.67,1.75,1.34,1.37,2.67,1.75,1.34,1.37,5.34,
HSS_R,HSS4_000X0_188,7.66,2.09,,,,,4.0,0.188,3.83,2.55,1.92,1.35,3.83,2.55,1.92,1.35,7.67,
HSS_R,HSS4_000X0_220,8.89,2.44,,,,,4.0,0.22,4.41,2.96,2.21,1.34,4.41,2.96,2.21,1.34,8.83,
HSS_R,HSS4_000X0_226,9.12,2.5,,,,,4.0,0.226,4.5,3.02,2.25,1.34,4.5,3.02,2.25,1.34,9.01,
HSS_R,HSS4_000X0_237,9.53,2.61,,,,,4.0,0.237,4.68,3.15,2.34,1.34,4.68,3.15,2.34,1.34,9.36,
HSS_R,HSS4_000X0_250,10.0,2.76,,,,,4.0,0.25,4.91,3.31,2.45,1.33,4.91,3.31,2.45,1.33,9.82,
HSS_R,HSS4_000X0_313,12.34,3.39,,,,,4.0,0.313,5.87,4.01,2.93,1.32,5.87,4.01,2.93,1.32,11.7,
HSS_R,HSS4_500X0_125,5.85,1.6,,,,,4.5,0.125,3.84,2.23,1.71,1.55,3.84,2.23,1.71,1.55,7.68,
HSS_R,HSS4_500X0_188,8.67,2.36,,,,,4.5,0.188,5.54,3.26,2.46,1.53,5.54,3.26,2.46,1.53,11.1,
HSS_R,HSS4_500X0_237,10.8,2.96,,,,,4.5,0.237,6.79,4.03,3.02,1.52,6.79,4.03,3.02,1.52,13.6,
HSS_R,HSS4_500X0_337,15.0,4.12,,,,,4.5,0.337,9.07,5.5,4.03,1.48,9.07,5.5,4.03,1.48,18.1,
HSS_R,HSS4_500X0_375,16.54,4.55,,,,,4.5,0.375,9.87,6.03,4.39,1.47,9.87,6.03,4.39,1.47,19.7,
HSS_R,HSS5_000X0_125,6.51,1.78,,,,,5.0,0.125,5.31,2.77,2.12,1.73,5.31,2.77,2.12,1.73,10.6,
HSS_R,HSS5_000X0_188,9.67,2.64,,,,,5.0,0.188,7.69,4.05,3.08,1.71,7.69,4.05,3.08,1.71,15.4,
HSS_R,HSS5_000X0_250,12.69,3.49,,,,,5.0,0.25,9.94,5.3,3.97,1.69,9.94,5.3,3.97,1.69,19.9,
HSS_R,HSS5_000X0_258,13.08,3.59,,,,,5.0,0.258,10.2,5.44,4.08,1.69,10.2,5.44,4.08,1.69,20.4,
HSS_R,HSS5_000X0_312,15.64,4.3,,,,,5.0,0.312,12.0,6.46,4.79,1.67,12.0,6.46,4.79,1.67,24.0,
HSS_R,HSS5_000X0_375,18.54,5.1,,,,,5.0,0.375,13.9,7.56,5.55,1.65,13.9,7.56,5.55,1.65,27.7,
HSS_R,HSS5_000X0_500,24.05,6.62,,,,,5.0,0.5,17.2,9.6,6.88,1.61,17.2,9.6,6.88,1.61,34.4,
HSS_R,HSS5_500X0_258,14.46,3.97,,,,,5.5,0.258,13.7,6.64,5.0,1.86,13.7,6.64,5.0,1.86,27.5,
HSS_R,HSS5_500X0_375,20.55,5.65,,,,,5.5,0.375,18.8,9.27,6.84,1.83,18.8,9.27,6.84,1.83,37.6,
HSS_R,HSS5_500X0_500,26.73,7.36,,,,,5.5,0.5,23.5,11.8,8.55,1.79,23.5,11.8,8.55,1.79,47.0,
HSS_R,HSS5_563X0_134,7.78,2.12,,,,,5.56,0.134,7.84,3.67,2.82,1.92,7.84,3.67,2.82,1.92,15.7,
HSS_R,HSS5_563X0_188,10.8,2.95,,,,,5.56,0.188,10.7,5.05,3.85,1.91,10.7,5.05,3.85,1.91,21.4,
HSS_R,HSS5_563X0_258,14.63,4.01,,,,,5.56,0.258,14.2,6.8,5.12,1.88,14.2,6.8,5.12,1.88,28.5,
HSS_R,HSS5_563X0_375,20.8,5.72,,,,,5.56,0.375,19.5,9.5,7.02,1.85,19.5,9.5,7.02,1.85,39.0,
HSS_R,HSS5_563X0_500,27.06,7.45,,,,,5.56,0.5,24.4,12.1,8.77,1.81,24.4,12.1,8.77,1.81,48.8,
HSS_R,HSS6_000X0_125,7.85,2.14,,,,,6.0,0.125,9.28,4.02,3.09,2.08,9.28,4.02,3.09,2.08,18.6,
HSS_R,HSS6_000X0_188,11.68,3.18,,,,,6.0,0.188,13.5,5.91,4.51,2.06,13.5,5.91,4.51,2.06,27.0,
HSS_R,HSS6_000X0_250,15.37,4.22,,,,,6.0,0.25,17.6,7.75,5.86,2.04,17.6,7.75,5.86,2.04,35.2,
HSS_R,HSS6_000X0_280,17.12,4.69,,,,,6.0,0.28,19.3,8.57,6.45,2.03,19.3,8.57,6.45,2.03,38.7,
HSS_R,HSS6_000X0_312,18.97,5.22,,,,,6.0,0.312,21.3,9.49,7.11,2.02,21.3,9.49,7.11,2.02,42.6,
HSS_R,HSS6_000X0_375,22.55,6.2,,,,,6.0,0.375,24.8,11.2,8.28,2.0,24.8,11.2,8.28,2.0,49.7,
HSS_R,HSS6_000X0_500,29.4,8.09,,,,,6.0,0.5,31.2,14.3,10.4,1.96,31.2,14.3,10.4,1.96,62.4,
HSS_R,HSS6_625X0_125,8.69,2.37,,,,,6.63,0.125,12.6,4.92,3.79,2.3,12.6,4.92,3.79,2.3,25.1,
HSS_R,HSS6_625X0_188,12.94,3.53,,,,,6.63,0.188,18.4,7.24,5.54,2.28,18.4,7.24,5.54,2.28,36.7,
HSS_R,HSS6_625X0_250,17.04,4.68,,,,,6.63,0.25,23.9,9.52,7.22,2.26,23.9,9.52,7.22,2.26,47.9,
HSS_R,HSS6_625X0_280,18.99,5.2,,,,,6.63,0.28,26.4,10.5,7.96,2.25,26.4,10.5,7.96,2.25,52.7,
HSS_R,HSS6_625X0_312,21.06,5.79,,,,,6.63,0.312,29.1,11.7,8.79,2.24,29.1,11.7,8.79,2.24,58.2,
HSS_R,HSS6_625X0_375,25.06,6.88,,,,,6.63,0.375,34.0,13.8,10.3,2.22,34.0,13.8,10.3,2.22,68.0,
HSS_R,HSS6_625X0_432,28.6,7.86,,,,,6.63,0.432,38.2,15.6,11.5,2.2,38.2,15.6,11.5,2.2,76.4,
HSS_R,HSS6_625X0_500,32.74,9.0,,,,,6.63,0.5,42.9,17.7,13.0,2.18,42.9,17.7,13.0,2.18,85.9,
HSS_R,HSS6_875X0_188,13.44,3.66,,,,,6.88,0.188,20.6,7.81,5.99,2.37,20.6,7.81,5.99,2.37,41.1,
HSS_R,HSS6_875X0_250,17.71,4.86,,,,,6.88,0.25,26.8,10.3,7.81,2.35,26.8,10.3,7.81,2.35,53.7,
HSS_R,HSS6_875X0_312,21.89,6.02,,,,,6.88,0.312,32.7,12.6,9.51,2.33,32.7,12.6,9.51,2.33,65.4,
HSS_R,HSS6_875X0_375,26.06,7.16,,,,,6.88,0.375,38.2,14.9,11.1,2.31,38.2,14.9,11.1,2.31,76.4,
HSS_R,HSS7_000X0_125,9.19,2.51,,,,,7.0,0.125,14.9,5.5,4.25,2.43,14.9,5.5,4.25,2.43,29.7,
HSS_R,HSS7_000X0_188,13.69,3.73,,,,,7.0,0.188,21.7,8.11,6.21,2.41,21.7,8.11,6.21,2.41,43.5,
HSS_R,HSS7_000X0_250,18.04,4.95,,,,,7.0,0.25,28.4,10.7,8.11,2.39,28.4,10.7,8.11,2.39,56.8,
HSS_R,HSS7_000X0_312,22.31,6.13,,,,,7.0,0.312,34.6,13.1,9.88,2.37,34.6,13.1,9.88,2.37,69.1,
HSS_R,HSS7_000X0_375,26.56,7.29,,,,,7.0,0.375,40.4,15.5,11.6,2.35,40.4,15.5,11.6,2.35,80.9,
HSS_R,HSS7_000X0_500,34.74,9.55,,,,,7.0,0.5,51.2,19.9,14.6,2.32,51.2,19.9,14.6,2.32,102.0,
HSS_R,HSS7_500X0_188,14.7,4.0,,,,,7.5,0.188,26.9,9.34,7.17,2.59,26.9,9.34,7.17,2.59,53.8,
HSS_R,HSS7_500X0_250,19.38,5.32,,,,,7.5,0.25,35.2,12.3,9.37,2.57,35.2,12.3,9.37,2.57,70.3,
HSS_R,HSS7_500X0_312,23.97,6.59,,,,,7.5,0.312,42.9,15.1,11.4,2.55,42.9,15.1,11.4,2.55,85.8,
HSS_R,HSS7_500X0_375,28.56,7.84,,,,,7.5,0.375,50.2,17.9,13.4,2.53,50.2,17.9,13.4,2.53,100.0,
HSS_R,HSS7_500X0_500,37.42,10.3,,,,,7.5,0.5,63.9,23.0,17.0,2.49,63.9,23.0,17.0,2.49,128.0,
HSS_R,HSS8_625X0_188,16.96,4.62,,,,,8.63,0.188,41.3,12.4,9.57,2.99,41.3,12.4,9.57,2.99,82.5,
HSS_R,HSS8_625X0_250,22.38,6.14,,,,,8.63,0.25,54.1,16.4,12.5,2.97,54.1,16.4,12.5,2.97,108.0,
HSS_R,HSS8_625X0_322,28.58,7.85,,,,,8.63,0.322,68.1,20.8,15.8,2.95,68.1,20.8,15.8,2.95,136.0,
HSS_R,HSS8_625X0_375,33.07,9.07,,,,,8.63,0.375,77.8,23.9,18.0,2.93,77.8,23.9,18.0,2.93,156.0,
HSS_R,HSS8_625X0_500,43.43,11.9,,,,,8.63,0.5,100.0,31.0,23.1,2.89,100.0,31.0,23.1,2.89,199.0,
HSS_R,HSS8_625X0_625,53.45,14.7,,,,,8.63,0.625,119.0,37.7,27.7,2.85,119.0,37.7,27.7,2.85,239.0,
HSS_R,HSS9_625X0_188,18.97,5.17,,,,,9.63,0.188,57.7,15.5,12.0,3.34,57.7,15.5,12.0,3.34,115.0,
HSS_R,HSS9_625X0_250,25.06,6.87,,,,,9.63,0.25,75.9,20.6,15.8,3.32,75.9,20.6,15.8,3.32,152.0,
HSS_R,HSS9_625X0_312,31.06,8.53,,,,,9.63,0.312,93.0,25.4,19.3,3.3,93.0,25.4,19.3,3.3,186.0,
HSS_R,HSS9_625X0_375,37.08,10.2,,,,,9.63,0.375,110.0,30.0,22.8,3.28,110.0,30.0,22.8,3.28,219.0,
HSS_R,HSS9_625X0_500,48.77,13.4,,,,,9.63,0.5,141.0,39.0,29.2,3.24,141.0,39.0,29.2,3.24,281.0,
HSS_R,HSS9_625X0_625,60.13,16.5,,,,,9.63,0.625,170.0,47.6,35.2,3.2,170.0,47.6,35.2,3.2,339.0,
L,L10X10X1,64.7,19.0,10.0,10.0,1.0,1.0,,,177.0,45.0,24.8,3.05,177.0,45.0,24.8,3.05,6.46,47.6
L,L10X10X1_1_4,79.9,23.4,10.0,10.0,1.25,1.25,,,213.0,54.9,30.2,3.02,213.0,54.9,30.2,3.02,12.3,89.4
L,L10X10X1_1_8,72.3,21.3,10.0,10.0,1.13,1.13,,,196.0,50.2,27.6,3.03,196.0,50.2,27.6,3.03,9.21,67.3
L,L10X10X1_3_8,87.1,25.6,10.0,10.0,1.38,1.38,,,231.0,59.9,33.0,3.0,231.0,59.8,33.0,3.0,16.4,118.0
L,L10X10X3_4,49.1,14.5,10.0,10.0,0.75,0.75,,,139.0,34.6,19.2,3.1,139.0,34.6,19.2,3.1,2.8,20.9
L,L10X10X7_8,56.9,16.8,10.0,10.0,0.875,0.875,,,158.0,39.9,21.9,3.07,158.0,39.9,21.9,3.07,4.39,32.5
L,L12X12X1,77.8,23.0,12.0,12.0,1.0,1.0,,,315.0,65.9,36.5,3.7,315.0,65.9,36.5,3.7,7.8,84.5
L,L12X12X1_1_4,96.4,28.4,12.0,12.0,1.25,1.25,,,381.0,80.7,44.6,3.66,381.0,80.7,44.6,3.66,14.9,160.0
L,L12X12X1_1_8,87.2,25.8,12.0,12.0,1.13,1.13,,,350.0,73.7,40.7,3.68,350.0,73.7,40.7,3.68,11.1,120.0
L,L12X12X1_3_8,105.0,31.1,12.0,12.0,1.38,1.38,,,413.0,88.1,48.6,3.64,413.0,88.1,48.6,3.64,19.9,211.0
L,L2X2X1_4,3.19,0.944,2.0,2.0,0.25,0.25,,,0.346,0.44,0.244,0.605,0.346,0.44,0.244,0.605,0.0209,0.00572
L,L2X2X1_8,1.65,0.491,2.0,2.0,0.125,0.125,,,0.189,0.23,0.129,0.62,0.189,0.23,0.129,0.62,0.00293,0.000789
L,L2X2X3_16,2.44,0.722,2.0,2.0,0.188,0.188,,,0.271,0.338,0.188,0.612,0.271,0.338,0.188,0.612,0.00921,0.00254
L,L2X2X3_8,4.7,1.37,2.0,2.0,0.375,0.375,,,0.476,0.629,0.348,0.591,0.476,0.629,0.348,0.591,0.0658,0.0174
L,L2X2X5_16,3.92,1.16,2.0,2.0,0.313,0.313,,,0.414,0.537,0.298,0.598,0.414,0.537,0.298,0.598,0.0393,0.0106
L,L2_1_2X1_1_2X1_4,3.19,0.947,1.5,2.5,0.25,0.25,,,0.594,0.644,0.364,0.792,0.16,0.261,0.142,0.411,0.0209,0.00694
L,L2_1_2X1_1_2X3_16,2.44,0.724,1.5,2.5,0.188,0.188,,,0.464,0.497,0.28,0.801,0.126,0.198,0.11,0.418,0.00921,0.00306
L,L2_1_2X2X1_4,3.62,1.07,2.0,2.5,0.25,0.25,,,0.656,0.688,0.381,0.782,0.372,0.454,0.253,0.589,0.0235,0.00868
L,L2_1_2X2X3_16,2.75,0.818,2.0,2.5,0.188,0.188,,,0.511,0.529,0.293,0.79,0.292,0.347,0.195,0.597,0.0103,0.00382
L,L2_1_2X2X3_8,5.3,1.55,2.0,2.5,0.375,0.375,,,0.914,0.982,0.546,0.766,0.513,0.657,0.361,0.574,0.0746,0.0268
L,L2_1_2X2X5_16,4.5,1.32,2.0,2.5,0.313,0.313,,,0.79,0.839,0.465,0.774,0.446,0.557,0.309,0.581,0.0444,0.0162
L,L2_1_2X2_1_2X1_2,7.7,2.26,2.5,2.5,0.5,0.5,,,1.22,1.29,0.716,0.735,1.22,1.29,0.716,0.735,0.188,0.0791
L,L2_1_2X2_1_2X1_4,4.1,1.19,2.5,2.5,0.25,0.25,,,0.692,0.695,0.387,0.764,0.692,0.695,0.387,0.764,0.0261,0.0116
L,L2_1_2X2_1_2X3_16,3.07,0.901,2.5,2.5,0.188,0.188,,,0.535,0.529,0.295,0.771,0.535,0.529,0.295,0.771,0.0114,0.0051
L,L2_1_2X2_1_2X3_8,5.9,1.73,2.5,2.5,0.375,0.375,,,0.972,1.01,0.558,0.749,0.972,1.01,0.558,0.749,0.0833,0.0362
L,L2_1_2X2_1_2X5_16,5.0,1.46,2.5,2.5,0.313,0.313,,,0.837,0.853,0.474,0.756,0.837,0.853,0.474,0.756,0.0495,0.0218
L,L3X2X1_2,7.7,2.26,2.0,3.0,0.5,0.5,,,1.92,1.78,1.0,0.922,0.667,0.887,0.47,0.543,0.192,0.0908
L,L3X2X1_4,4.1,1.2,2.0,3.0,0.25,0.25,,,1.09,0.969,0.541,0.953,0.39,0.463,0.258,0.569,0.027,0.0132
L,L3X2X3_16,3.07,0.917,2.0,3.0,0.188,0.188,,,0.847,0.743,0.414,0.961,0.305,0.351,0.198,0.577,0.0119,0.00576
L,L3X2X3_8,5.9,1.75,2.0,3.0,0.375,0.375,,,1.54,1.39,0.779,0.937,0.539,0.679,0.368,0.555,0.0855,0.0413
L,L3X2X5_16,5.0,1.48,2.0,3.0,0.313,0.313,,,1.32,1.19,0.662,0.945,0.467,0.572,0.314,0.562,0.051,0.0248
L,L3X2_1_2X1_2,8.5,2.5,2.5,3.0,0.5,0.5,,,2.07,1.86,1.03,0.91,1.29,1.34,0.736,0.718,0.213,0.112
L,L3X2_1_2X1_4,4.5,1.32,2.5,3.0,0.25,0.25,,,1.16,1.0,0.555,0.94,0.734,0.707,0.397,0.746,0.0296,0.0161
L,L3X2_1_2X3_16,3.39,1.0,2.5,3.0,0.188,0.188,,,0.899,0.761,0.423,0.947,0.568,0.536,0.303,0.753,0.013,0.00705
L,L3X2_1_2X3_8,6.6,1.93,2.5,3.0,0.375,0.375,,,1.65,1.45,0.803,0.924,1.03,1.03,0.573,0.731,0.0943,0.0507
L,L3X2_1_2X5_16,5.6,1.63,2.5,3.0,0.313,0.313,,,1.41,1.23,0.681,0.932,0.888,0.873,0.487,0.739,0.056,0.0304
L,L3X2_1_2X7_16,7.6,2.22,2.5,3.0,0.438,0.438,,,1.87,1.66,0.921,0.917,1.17,1.19,0.656,0.724,0.146,0.0777
L,L3X3X1_2,9.4,2.76,3.0,3.0,0.5,0.5,,,2.2,1.91,1.06,0.895,2.2,1.91,1.06,0.895,0.23,0.144
L,L3X3X1_4,4.9,1.44,3.0,3.0,0.25,0.25,,,1.23,1.02,0.569,0.926,1.23,1.02,0.569,0.926,0.0313,0.0206
L,L3X3X3_16,3.71,1.09,3.0,3.0,0.188,0.188,,,0.948,0.774,0.433,0.933,0.948,0.774,0.433,0.933,0.0136,0.00899
L,L3X3X3_8,7.2,2.11,3.0,3.0,0.375,0.375,,,1.75,1.48,0.825,0.91,1.75,1.48,0.825,0.91,0.101,0.0652
L,L3X3X5_16,6.1,1.78,3.0,3.0,0.313,0.313,,,1.5,1.26,0.699,0.918,1.5,1.26,0.699,0.918,0.0597,0.039
L,L3X3X7_16,8.3,2.43,3.0,3.0,0.438,0.438,,,1.98,1.7,0.946,0.903,1.98,1.7,0.946,0.903,0.157,0.1
L,L3_1_2X2_1_2X1_2,9.4,2.77,2.5,3.5,0.5,0.5,,,3.24,2.52,1.41,1.08,1.36,1.39,0.756,0.701,0.234,0.159
L,L3_1_2X2_1_2X1_4,4.9,1.45,2.5,3.5,0.25,0.25,,,1.81,1.36,0.753,1.12,0.775,0.728,0.41,0.731,0.0322,0.0225
L,L3_1_2X2_1_2X3_8,7.2,2.12,2.5,3.5,0.375,0.375,,,2.56,1.96,1.09,1.1,1.09,1.07,0.589,0.716,0.103,0.0714
L,L3_1_2X2_1_2X5_16,6.1,1.79,2.5,3.5,0.313,0.313,,,2.2,1.67,0.925,1.11,0.937,0.9,0.501,0.723,0.0611,0.0426
L,L3_1_2X3X1_2,10.2,3.02,3.0,3.5,0.5,0.5,,,3.45,2.61,1.45,1.07,2.32,1.97,1.09,0.877,0.26,0.191
L,L3_1_2X3X1_4,5.4,1.58,3.0,3.5,0.25,0.25,,,1.92,1.39,0.773,1.1,1.3,1.04,0.585,0.908,0.036,0.027
L,L3_1_2X3X3_8,7.9,2.32,3.0,3.5,0.375,0.375,,,2.73,2.03,1.12,1.09,1.84,1.52,0.847,0.892,0.114,0.0858
L,L3_1_2X3X5_16,6.6,1.95,3.0,3.5,0.313,0.313,,,2.33,1.72,0.951,1.09,1.58,1.28,0.718,0.9,0.068,0.0512
L,L3_1_2X3X7_16,9.1,2.67,3.0,3.5,0.438,0.438,,,3.1,2.32,1.29,1.08,2.09,1.75,0.971,0.885,0.178,0.132
L,L3_1_2X3_1_2X1_2,11.1,3.25,3.5,3.5,0.5,0.5,,,3.63,2.66,1.48,1.05,3.63,2.66,1.48,1.05,0.281,0.238
L,L3_1_2X3_1_2X1_4,5.8,1.7,3.5,3.5,0.25,0.25,,,2.0,1.41,0.787,1.09,2.0,1.41,0.787,1.09,0.0386,0.0334
L,L3_1_2X3_1_2X3_8,8.5,2.5,3.5,3.5,0.375,0.375,,,2.86,2.06,1.15,1.07,2.86,2.06,1.15,1.07,0.123,0.106
L,L3_1_2X3_1_2X5_16,7.2,2.1,3.5,3.5,0.313,0.313,,,2.44,1.74,0.969,1.08,2.44,1.74,0.969,1.08,0.0731,0.0634
L,L3_1_2X3_1_2X7_16,9.8,2.89,3.5,3.5,0.438,0.438,,,3.25,2.36,1.32,1.06,3.25,2.36,1.32,1.06,0.192,0.164
L,L4X3X1_2,11.1,3.25,3.0,4.0,0.5,0.5,,,5.02,3.36,1.87,1.24,2.4,1.99,1.1,0.858,0.281,0.255
L,L4X3X1_4,5.8,1.69,3.0,4.0,0.25,0.25,,,2.75,1.77,0.988,1.27,1.33,1.03,0.585,0.887,0.0386,0.0356
L,L4X3X3_8,8.5,2.49,3.0,4.0,0.375,0.375,,,3.94,2.6,1.44,1.26,1.89,1.52,0.851,0.873,0.123,0.114
L,L4X3X5_16,7.2,2.09,3.0,4.0,0.313,0.313,,,3.36,2.19,1.22,1.27,1.62,1.28,0.721,0.88,0.0731,0.0676
L,L4X3X5_8,13.6,3.99,3.0,4.0,0.625,0.625,,,6.01,4.08,2.28,1.23,2.85,2.45,1.34,0.845,0.529,0.472
L,L4X3_1_2X1_2,11.9,3.5,3.5,4.0,0.5,0.5,,,5.3,3.46,1.92,1.23,3.76,2.69,1.5,1.04,0.301,0.302
L,L4X3_1_2X1_4,6.2,1.82,3.5,4.0,0.25,0.25,,,2.89,1.81,1.01,1.26,2.07,1.4,0.794,1.07,0.0412,0.0419
L,L4X3_1_2X3_8,9.1,2.68,3.5,4.0,0.375,0.375,,,4.15,2.66,1.48,1.25,2.96,2.06,1.16,1.05,0.132,0.134
L,L4X3_1_2X5_16,7.7,2.25,3.5,4.0,0.313,0.313,,,3.53,2.24,1.25,1.25,2.52,1.74,0.98,1.06,0.0782,0.0798
L,L4X4X1_2,12.8,3.75,4.0,4.0,0.5,0.5,,,5.52,3.5,1.96,1.21,5.52,3.5,1.96,1.21,0.322,0.366
L,L4X4X1_4,6.6,1.93,4.0,4.0,0.25,0.25,,,3.0,1.82,1.03,1.25,3.0,1.82,1.03,1.25,0.0438,0.0505
L,L4X4X3_4,18.5,5.44,4.0,4.0,0.75,0.75,,,7.62,5.02,2.79,1.18,7.62,5.02,2.79,1.18,1.02,1.12
L,L4X4X3_8,9.8,2.86,4.0,4.0,0.375,0.375,,,4.32,2.69,1.5,1.23,4.32,2.69,1.5,1.23,0.141,0.162
L,L4X4X5_16,8.2,2.4,4.0,4.0,0.313,0.313,,,3.67,2.26,1.27,1.24,3.67,2.26,1.27,1.24,0.0832,0.0963
L,L4X4X5_8,15.7,4.61,4.0,4.0,0.625,0.625,,,6.62,4.28,2.38,1.2,6.62,4.28,2.38,1.2,0.61,0.68
L,L4X4X7_16,11.3,3.3,4.0,4.0,0.438,0.438,,,4.93,3.1,1.73,1.22,4.93,3.1,1.73,1.22,0.22,0.252
L,L5X3X1_2,12.8,3.75,3.0,5.0,0.5,0.5,,,9.43,5.12,2.89,1.58,2.55,2.08,1.13,0.824,0.322,0.444
L,L5X3X1_4,6.6,1.94,3.0,5.0,0.25,0.25,,,5.09,2.68,1.51,1.62,1.41,1.05,0.6,0.853,0.0438,0.0606
L,L5X3X3_8,9.8,2.86,3.0,5.0,0.375,0.375,,,7.35,3.93,2.22,1.6,2.01,1.57,0.874,0.838,0.141,0.196
L,L5X3X5_16,8.2,2.41,3.0,5.0,0.313,0.313,,,6.24,3.32,1.87,1.61,1.72,1.31,0.739,0.846,0.0832,0.116
L,L5X3X7_16,11.3,3.31,3.0,5.0,0.438,0.438,,,8.41,4.53,2.56,1.59,2.29,1.82,1.0,0.831,0.22,0.304
L,L5X3_1_2X1_2,13.6,4.0,3.5,5.0,0.5,0.5,,,10.0,5.33,2.97,1.58,4.02,2.79,1.55,1.0,0.343,0.491
L,L5X3_1_2X1_4,7.0,2.07,3.5,5.0,0.25,0.25,,,5.36,2.78,1.55,1.61,2.2,1.42,0.816,1.03,0.0464,0.067
L,L5X3_1_2X3_4,19.8,5.85,3.5,5.0,0.75,0.75,,,13.9,7.6,4.26,1.55,5.52,4.07,2.2,0.974,1.09,1.52
L,L5X3_1_2X3_8,10.4,3.05,3.5,5.0,0.375,0.375,,,7.75,4.09,2.28,1.59,3.15,2.12,1.19,1.02,0.15,0.217
L,L5X3_1_2X5_16,8.7,2.56,3.5,5.0,0.313,0.313,,,6.58,3.45,1.92,1.6,2.69,1.77,1.01,1.02,0.0883,0.128
L,L5X3_1_2X5_8,16.8,4.93,3.5,5.0,0.625,0.625,,,12.0,6.5,3.63,1.56,4.8,3.43,1.88,0.987,0.651,0.918
L,L5X5X1_2,16.2,4.79,5.0,5.0,0.5,0.5,,,11.3,5.66,3.15,1.53,11.3,5.66,3.15,1.53,0.417,0.744
L,L5X5X3_4,23.6,6.98,5.0,5.0,0.75,0.75,,,15.7,8.14,4.52,1.5,15.7,8.14,4.52,1.5,1.33,2.32
L,L5X5X3_8,12.3,3.65,5.0,5.0,0.375,0.375,,,8.76,4.33,2.41,1.55,8.76,4.33,2.41,1.55,0.183,0.327
L,L5X5X5_16,10.3,3.07,5.0,5.0,0.313,0.313,,,7.44,3.65,2.04,1.56,7.44,3.65,2.04,1.56,0.108,0.193
L,L5X5X5_8,20.0,5.9,5.0,5.0,0.625,0.625,,,13.6,6.93,3.85,1.52,13.6,6.93,3.85,1.52,0.792,1.4
L,L5X5X7_16,14.3,4.22,5.0,5.0,0.438,0.438,,,10.0,5.0,2.78,1.54,10.0,5.0,2.78,1.54,0.284,0.508
L,L5X5X7_8,27.2,8.0,5.0,5.0,0.875,0.875,,,17.8,9.31,5.16,1.49,17.8,9.31,5.16,1.49,2.07,3.53
L,L6X3_1_2X1_2,15.3,4.5,3.5,6.0,0.5,0.5,,,16.6,7.49,4.23,1.92,4.24,2.88,1.59,0.968,0.386,0.779
L,L6X3_1_2X3_8,11.7,3.44,3.5,6.0,0.375,0.375,,,12.9,5.74,3.23,1.93,3.33,2.18,1.22,0.984,0.168,0.341
L,L6X3_1_2X5_16,9.8,2.89,3.5,6.0,0.313,0.313,,,10.9,4.84,2.72,1.94,2.84,1.82,1.03,0.991,0.099,0.201
L,L6X4X1_2,16.2,4.75,4.0,6.0,0.5,0.5,,,17.3,7.71,4.31,1.91,6.22,3.69,2.06,1.14,0.407,0.843
L,L6X4X3_4,23.6,6.94,4.0,6.0,0.75,0.75,,,24.5,11.1,6.23,1.88,8.63,5.42,2.95,1.12,1.31,2.64
L,L6X4X3_8,12.3,3.61,4.0,6.0,0.375,0.375,,,13.4,5.89,3.3,1.93,4.86,2.79,1.58,1.16,0.177,0.369
L,L6X4X5_16,10.3,3.03,4.0,6.0,0.313,0.313,,,11.4,4.96,2.77,1.94,4.13,2.33,1.34,1.17,0.104,0.217
L,L6X4X5_8,20.0,5.86,4.0,6.0,0.625,0.625,,,21.0,9.44,5.29,1.89,7.48,4.56,2.52,1.13,0.775,1.59
L,L6X4X7_16,14.3,4.18,4.0,6.0,0.438,0.438,,,15.4,6.81,3.81,1.92,5.56,3.24,1.83,1.15,0.276,0.575
L,L6X4X7_8,27.2,8.0,4.0,6.0,0.875,0.875,,,27.7,12.7,7.13,1.86,9.7,6.26,3.37,1.1,2.03,4.04
L,L6X4X9_16,18.1,5.31,4.0,6.0,0.563,0.563,,,19.2,8.59,4.81,1.9,6.86,4.13,2.29,1.14,0.572,1.18
L,L6X6X1,37.4,11.0,6.0,6.0,1.0,1.0,,,35.4,15.4,8.55,1.79,35.4,15.4,8.55,1.79,3.68,9.24
L,L6X6X1_2,19.6,5.77,6.0,6.0,0.5,0.5,,,19.9,8.22,4.59,1.86,19.9,8.22,4.59,1.86,0.501,1.32
L,L6X6X3_4,28.7,8.46,6.0,6.0,0.75,0.75,,,28.1,11.9,6.64,1.82,28.1,11.9,6.64,1.82,1.61,4.17
L,L6X6X3_8,14.9,4.38,6.0,6.0,0.375,0.375,,,15.4,6.27,3.51,1.87,15.4,6.27,3.51,1.87,0.218,0.575
L,L6X6X5_16,12.4,3.67,6.0,6.0,0.313,0.313,,,13.0,5.26,2.95,1.88,13.0,5.26,2.95,1.88,0.129,0.338
L,L6X6X5_8,24.2,7.13,6.0,6.0,0.625,0.625,,,24.1,10.1,5.64,1.84,24.1,10.1,5.64,1.84,0.955,2.5
L,L6X6X7_16,17.2,5.08,6.0,6.0,0.438,0.438,,,17.6,7.25,4.06,1.86,17.6,7.25,4.06,1.86,0.34,0.899
L,L6X6X7_8,33.1,9.75,6.0,6.0,0.875,0.875,,,31.9,13.7,7.61,1.81,31.9,13.7,7.61,1.81,2.51,6.41
L,L6X6X9_16,21.9,6.45,6.0,6.0,0.563,0.563,,,22.0,9.18,5.12,1.85,22.0,9.18,5.12,1.85,0.704,1.85
L,L7X4X1_2,17.9,5.26,4.0,7.0,0.5,0.5,,,26.6,10.2,5.79,2.25,6.48,3.77,2.1,1.11,0.456,1.25
L,L7X4X3_4,26.2,7.74,4.0,7.0,0.75,0.75,,,37.8,14.8,8.39,2.21,9.0,5.6,3.01,1.08,1.47,3.97
L,L7X4X3_8,13.6,4.0,4.0,7.0,0.375,0.375,,,20.5,7.81,4.42,2.27,5.06,2.84,1.61,1.12,0.198,0.544
L,L7X4X5_8,22.1,6.5,4.0,7.0,0.625,0.625,,,32.4,12.5,7.12,2.23,7.79,4.69,2.56,1.1,0.868,2.37
L,L7X4X7_16,15.7,4.63,4.0,7.0,0.438,0.438,,,23.6,9.03,5.11,2.26,5.79,3.31,1.86,1.12,0.31,0.851
L,L8X4X1,37.4,11.1,4.0,8.0,1.0,1.0,,,69.7,24.3,14.0,2.51,11.6,7.73,3.94,1.03,3.68,12.9
L,L8X4X1_2,19.6,5.8,4.0,8.0,0.5,0.5,,,38.6,13.1,7.48,2.58,6.75,3.91,2.15,1.08,0.501,1.8
L,L8X4X3_4,28.7,8.49,4.0,8.0,0.75,0.75,,,55.0,18.9,10.9,2.55,9.37,5.82,3.07,1.05,1.61,5.75
L,L8X4X5_8,24.2,7.16,4.0,8.0,0.625,0.625,,,47.0,16.1,9.2,2.56,8.11,4.86,2.62,1.06,0.955,3.42
L,L8X4X7_16,17.2,5.11,4.0,8.0,0.438,0.438,,,34.2,11.6,6.59,2.59,6.03,3.42,1.9,1.09,0.34,1.22
L,L8X4X7_8,33.1,9.79,4.0,8.0,0.875,0.875,,,62.6,21.7,12.5,2.53,10.5,6.77,3.51,1.04,2.51,8.89
L,L8X4X9_16,21.9,6.49,4.0,8.0,0.563,0.563,,,42.9,14.6,8.34,2.57,7.44,4.39,2.38,1.07,0.704,2.53
L,L8X6X1,44.2,13.1,6.0,8.0,1.0,1.0,,,80.9,27.3,15.1,2.49,38.8,16.2,8.92,1.72,4.34,16.3
L,L8X6X1_2,23.0,6.8,6.0,8.0,0.5,0.5,,,44.4,14.6,8.01,2.55,21.7,8.52,4.79,1.79,0.584,2.28
L,L8X6X3_4,33.8,9.99,6.0,8.0,0.75,0.75,,,63.5,21.1,11.7,2.52,30.8,12.5,6.92,1.75,1.9,7.28
L,L8X6X5_8,28.5,8.41,6.0,8.0,0.625,0.625,,,54.2,17.9,9.86,2.54,26.4,10.5,5.88,1.77,1.12,4.33
L,L8X6X7_16,20.2,5.99,6.0,8.0,0.438,0.438,,,39.3,12.9,7.06,2.56,19.3,7.5,4.23,1.8,0.396,1.55
L,L8X6X7_8,39.1,11.5,6.0,8.0,0.875,0.875,,,72.4,24.3,13.4,2.5,34.9,14.4,7.94,1.74,2.96,11.3
L,L8X6X9_16,25.7,7.61,6.0,8.0,0.563,0.563,,,49.4,16.2,8.94,2.55,24.1,9.52,5.34,1.78,0.823,3.2
L,L8X8X1,51.0,15.1,8.0,8.0,1.0,1.0,,,89.1,28.5,15.8,2.43,89.1,28.5,15.8,2.43,5.08,23.4
L,L8X8X1_1_8,56.9,16.8,8.0,8.0,1.13,1.13,,,98.1,31.6,17.5,2.41,98.1,31.6,17.5,2.41,7.13,32.5
L,L8X8X1_2,26.4,7.84,8.0,8.0,0.5,0.5,,,48.8,15.1,8.36,2.49,48.8,15.1,8.36,2.49,0.683,3.23
L,L8X8X3_4,38.9,11.5,8.0,8.0,0.75,0.75,,,69.9,22.0,12.2,2.46,69.9,22.0,12.2,2.46,2.21,10.4
L,L8X8X5_8,32.7,9.69,8.0,8.0,0.625,0.625,,,59.6,18.6,10.3,2.48,59.6,18.6,10.3,2.48,1.3,6.16
L,L8X8X7_8,45.0,13.3,8.0,8.0,0.875,0.875,,,79.7,25.3,14.0,2.45,79.7,25.3,14.0,2.45,3.46,16.1
L,L8X8X9_16,29.6,8.77,8.0,8.0,0.563,0.563,,,54.2,16.8,9.33,2.49,54.2,16.8,9.33,2.49,0.961,4.55
M,M10X7_5,7.5,2.22,9.99,2.69,0.13,0.173,,,33.0,7.77,6.6,3.85,0.562,0.67,0.418,0.503,0.0187,13.5
M,M10X8,8.0,2.37,9.95,2.69,0.141,0.182,,,34.6,8.2,6.95,3.82,0.593,0.711,0.441,0.5,0.0224,14.2
M,M10X9,9.0,2.65,10.0,2.69,0.157,0.206,,,39.0,9.22,7.79,3.83,0.672,0.809,0.5,0.503,0.0314,16.1
M,M12X10,10.0,2.95,12.0,3.25,0.149,0.18,,,61.7,12.2,10.3,4.57,1.03,1.02,0.636,0.592,0.0292,35.9
M,M12X10_8,10.8,3.18,12.0,3.07,0.16,0.21,,,66.7,13.2,11.1,4.58,1.01,1.07,0.661,0.564,0.0393,35.0
M,M12X11_8,11.8,3.47,12.0,3.07,0.177,0.225,,,72.2,14.3,12.0,4.56,1.09,1.15,0.709,0.559,0.05,37.7
M,M12_5X11_6,11.6,3.4,12.5,3.5,0.155,0.211,,,80.3,15.0,12.8,4.86,1.51,1.37,0.864,0.667,0.0414,57.1
M,M12_5X12_4,12.4,3.63,12.5,3.75,0.155,0.228,,,89.3,16.5,14.2,4.96,2.01,1.68,1.07,0.744,0.0493,76.0
M,M3X2_9,2.9,0.914,3.0,2.25,0.09,0.13,,,1.5,1.12,1.0,1.28,0.248,0.344,0.221,0.521,0.0079,0.511
M,M4X4_08,4.08,1.27,4.0,2.25,0.115,0.17,,,3.53,2.0,1.77,1.67,0.325,0.453,0.289,0.506,0.0147,1.19
M,M4X6,6.0,1.75,3.8,3.8,0.13,0.16,,,4.72,2.74,2.48,1.64,1.47,1.18,0.771,0.915,0.0184,4.87
M,M5X18_9,18.9,5.56,5.0,5.0,0.316,0.416,,,24.2,11.1,9.67,2.08,8.7,5.33,3.48,1.25,0.313,45.7
M,M6X3_7,3.7,1.09,5.92,2.0,0.098,0.129,,,5.96,2.33,2.01,2.34,0.173,0.273,0.173,0.398,0.0053,1.45
M,M6X4_4,4.4,1.29,6.0,1.84,0.114,0.171,,,7.23,2.8,2.41,2.36,0.18,0.311,0.195,0.372,0.0099,1.53
M,M8X6_2,6.2,1.82,8.0,2.28,0.129,0.177,,,17.6,5.15,4.39,3.1,0.352,0.495,0.308,0.439,0.0156,5.38
M,M8X6_5,6.5,1.92,8.0,2.28,0.135,0.189,,,18.5,5.43,4.63,3.11,0.376,0.529,0.329,0.443,0.0184,5.73
MC,MC10X22,22.0,6.45,10.0,3.32,0.29,0.575,,,102.0,23.9,20.5,3.99,6.4,5.29,2.75,0.997,0.51,110.0
MC,MC10X25,25.0,7.34,10.0,3.41,0.38,0.575,,,110.0,26.2,22.0,3.87,7.25,5.65,2.96,0.993,0.638,124.0
MC,MC10X28_5,28.5,8.37,10.0,3.95,0.425,0.575,,,126.0,30.0,25.3,3.89,11.3,7.59,3.99,1.16,0.791,193.0
MC,MC10X33_6,33.6,9.87,10.0,4.1,0.575,0.575,,,139.0,33.7,27.8,3.75,13.1,8.28,4.35,1.15,1.2,224.0
MC,MC10X41_1,41.1,12.1,10.0,4.32,0.796,0.575,,,157.0,39.3,31.5,3.61,15.7,9.49,4.85,1.14,2.26,269.0
MC,MC10X6_5,6.5,1.95,10.0,1.17,0.152,0.202,,,22.9,5.9,4.59,3.43,0.133,0.284,0.137,0.262,0.0191,2.76
MC,MC10X8_4,8.4,2.46,10.0,1.5,0.17,0.28,,,31.9,7.92,6.39,3.61,0.326,0.548,0.268,0.364,0.0413,7.0
MC,MC12X10_6,10.6,3.1,12.0,1.5,0.19,0.309,,,55.3,11.6,9.22,4.22,0.378,0.635,0.307,0.349,0.0596,11.7
MC,MC12X14_3,14.3,4.18,12.0,2.12,0.25,0.313,,,76.1,15.9,12.7,4.27,1.0,1.21,0.574,0.489,0.117,32.8
MC,MC12X31,31.0,9.12,12.0,3.67,0.37,0.7,,,202.0,39.7,33.7,4.71,11.3,8.15,4.37,1.11,1.0,267.0
MC,MC12X35,35.0,10.3,12.0,3.77,0.465,0.7,,,216.0,43.2,36.0,4.59,12.6,8.62,4.64,1.11,1.24,297.0
MC,MC12X40,40.0,11.8,12.0,3.89,0.59,0.7,,,234.0,47.7,39.0,4.46,14.2,9.31,4.98,1.1,1.69,336.0
MC,MC12X45,45.0,13.2,12.0,4.01,0.71,0.7,,,251.0,52.0,41.9,4.36,15.8,10.1,5.3,1.09,2.33,373.0
MC,MC12X50,50.0,14.7,12.0,4.14,0.835,0.7,,,269.0,56.5,44.9,4.28,17.4,10.9,5.64,1.09,3.23,411.0
MC,MC13X31_8,31.8,9.35,13.0,4.0,0.375,0.61,,,239.0,43.4,36.7,5.05,11.4,7.69,3.79,1.1,0.937,380.0
MC,MC13X35,35.0,10.3,13.0,4.07,0.447,0.61,,,252.0,46.5,38.8,4.95,12.3,8.04,3.97,1.09,1.13,412.0
MC,MC13X40,40.0,11.7,13.0,4.19,0.56,0.61,,,273.0,51.2,41.9,4.82,13.7,8.66,4.24,1.08,1.55,462.0
MC,MC13X50,50.0,14.7,13.0,4.41,0.787,0.61,,,314.0,60.8,48.3,4.62,16.4,10.2,4.77,1.06,2.96,558.0
MC,MC18X42_7,42.7,12.6,18.0,3.95,0.45,0.625,,,554.0,75.1,61.5,6.64,14.3,8.82,4.64,1.07,1.23,852.0
MC,MC18X45_8,45.8,13.5,18.0,4.0,0.5,0.625,,,578.0,79.2,64.2,6.55,14.9,9.14,4.77,1.05,1.45,897.0
MC,MC18X51_9,51.9,15.3,18.0,4.1,0.6,0.625,,,627.0,87.3,69.6,6.41,16.3,9.86,5.02,1.03,2.03,985.0
MC,MC18X58,58.0,17.1,18.0,4.2,0.7,0.625,,,675.0,95.4,75.0,6.29,17.6,10.7,5.28,1.02,2.81,1070.0
MC,MC3X7_1,7.1,2.11,3.0,1.94,0.312,0.351,,,2.72,2.24,1.81,1.14,0.666,0.998,0.518,0.562,0.0928,0.915
MC,MC4X13_8,13.8,4.03,4.0,2.5,0.5,0.5,,,8.85,5.53,4.43,1.48,2.13,2.4,1.29,0.727,0.373,4.84
MC,MC6X12,12.0,3.53,6.0,2.5,0.31,0.375,,,18.7,7.47,6.24,2.3,1.85,1.97,1.03,0.724,0.155,11.3
MC,MC6X15_1,15.1,4.44,6.0,2.94,0.316,0.475,,,24.9,9.83,8.3,2.37,3.46,3.3,1.73,0.883,0.285,20.5
MC,MC6X15_3,15.3,4.49,6.0,3.5,0.34,0.385,,,25.3,9.91,8.44,2.38,4.91,3.85,2.01,1.05,0.223,30.0
MC,MC6X16_3,16.3,4.79,6.0,3.0,0.375,0.475,,,26.0,10.4,8.66,2.33,3.77,3.47,1.82,0.887,0.336,22.1
MC,MC6X18,18.0,5.29,6.0,3.5,0.379,0.475,,,29.7,11.7,9.89,2.37,5.88,4.68,2.47,1.05,0.379,34.6
MC,MC6X6_5,6.5,1.95,6.0,1.85,0.155,0.291,,,11.0,4.28,3.66,2.38,0.565,0.836,0.422,0.539,0.0412,3.75
MC,MC6X7,7.0,2.09,6.0,1.88,0.179,0.291,,,11.4,4.5,3.81,2.34,0.603,0.865,0.439,0.537,0.0464,4.0
MC,MC7X19_1,19.1,5.61,7.0,3.45,0.352,0.5,,,43.1,14.5,12.3,2.77,6.06,4.85,2.55,1.04,0.407,49.3
MC,MC7X22_7,22.7,6.67,7.0,3.6,0.503,0.5,,,47.4,16.4,13.5,2.67,7.24,5.38,2.83,1.04,0.625,58.3
MC,MC8X18_7,18.7,5.5,8.0,2.98,0.353,0.5,,,52.4,15.6,13.1,3.09,4.15,3.72,1.95,0.868,0.38,45.0
MC,MC8X20,20.0,5.87,8.0,3.03,0.4,0.5,,,54.4,16.4,13.6,3.04,4.42,3.86,2.02,0.867,0.441,47.8
MC,MC8X21_4,21.4,6.28,8.0,3.45,0.375,0.525,,,61.5,18.2,15.4,3.13,6.58,5.18,2.71,1.02,0.495,70.8
MC,MC8X22_8,22.8,6.7,8.0,3.5,0.427,0.525,,,63.8,19.1,15.9,3.09,7.01,5.37,2.81,1.02,0.572,75.2
MC,MC8X8_5,8.5,2.5,8.0,1.87,0.179,0.311,,,23.3,6.95,5.82,3.05,0.624,0.875,0.431,0.5,0.0587,8.21
MC,MC9X23_9,23.9,7.02,9.0,3.45,0.4,0.55,,,84.9,22.5,18.9,3.48,7.14,5.51,2.89,1.01,0.599,98.0
MC,MC9X25_4,25.4,7.47,9.0,3.5,0.45,0.55,,,87.9,23.5,19.5,3.43,7.57,5.7,2.99,1.01,0.691,104.0
MT,MT2X3,3.0,0.875,1.9,3.8,0.13,0.16,,,0.208,0.241,0.133,0.493,0.732,0.588,0.385,0.926,0.00919,0.00193
MT,MT2_5X9_45,9.45,2.78,2.5,5.0,0.316,0.416,,,1.05,1.03,0.528,0.617,4.35,2.66,1.74,1.26,0.156,0.0732
MT,MT3X1_85,1.85,0.545,2.96,2.0,0.098,0.129,,,0.483,0.409,0.226,0.945,0.0863,0.136,0.0863,0.4,0.00265,0.000754
MT,MT3X2_2,2.2,0.647,3.0,1.84,0.114,0.171,,,0.579,0.483,0.268,0.949,0.0897,0.155,0.0973,0.374,0.00494,0.00124
MT,MT4X3_1,3.1,0.911,4.0,2.28,0.129,0.177,,,1.5,0.967,0.533,1.29,0.176,0.247,0.154,0.441,0.00778,0.00403
MT,MT4X3_25,3.25,0.959,4.0,2.28,0.135,0.189,,,1.57,1.01,0.558,1.29,0.188,0.264,0.165,0.444,0.00917,0.00463
MT,MT5X3_75,3.75,1.11,5.0,2.69,0.13,0.173,,,2.91,1.51,0.836,1.63,0.281,0.334,0.209,0.505,0.00932,0.00792
MT,MT5X4,4.0,1.19,4.98,2.69,0.141,0.182,,,3.08,1.61,0.894,1.62,0.296,0.354,0.22,0.502,0.0112,0.00989
MT,MT5X4_5,4.5,1.33,5.0,2.69,0.157,0.206,,,3.47,1.81,1.0,1.62,0.336,0.403,0.25,0.505,0.0156,0.0138
MT,MT6X5,5.0,1.48,5.99,3.25,0.149,0.18,,,5.62,2.45,1.36,1.96,0.517,0.509,0.318,0.594,0.0145,0.0202
MT,MT6X5_4,5.4,1.59,5.99,3.07,0.16,0.21,,,6.03,2.63,1.46,1.95,0.506,0.532,0.33,0.566,0.0196,0.025
MT,MT6X5_9,5.9,1.74,6.0,3.07,0.177,0.225,,,6.61,2.89,1.61,1.96,0.543,0.575,0.354,0.561,0.0249,0.0337
MT,MT6_25X5_8,5.8,1.7,6.25,3.5,0.155,0.211,,,6.94,2.86,1.57,2.03,0.756,0.684,0.432,0.669,0.0206,0.0268
MT,MT6_25X6_2,6.2,1.82,6.27,3.75,0.155,0.228,,,7.29,2.92,1.61,2.01,1.0,0.839,0.536,0.746,0.0246,0.0284
PIPE,Pipe10STD,40.5,11.5,,,,,10.75,0.365,151.0,36.9,28.1,3.68,151.0,36.9,28.1,3.68,302.0,
PIPE,Pipe10XS,54.8,15.1,,,,,10.75,0.5,199.0,49.2,37.0,3.64,199.0,49.2,37.0,3.64,398.0,
PIPE,Pipe10XXS,104.0,28.8,,,,,10.75,1.0,354.0,90.9,65.6,3.51,354.0,90.9,65.6,3.51,709.0,
PIPE,Pipe12STD,49.6,13.7,,,,,12.75,0.375,262.0,53.7,41.0,4.39,262.0,53.7,41.0,4.39,523.0,
PIPE,Pipe12XS,65.5,17.5,,,,,12.75,0.5,339.0,70.2,53.2,4.35,339.0,70.2,53.2,4.35,678.0,
PIPE,Pipe12XXS,126.0,35.4,,,,,12.75,1.0,625.0,134.0,97.6,4.2,625.0,134.0,97.6,4.2,1250.0,
PIPE,Pipe14STD,54.6,15.0,,,,,14.0,0.375,350.0,65.2,50.0,4.83,350.0,65.2,50.0,4.83,700.0,
PIPE,Pipe14XS,72.2,19.2,,,,,14.0,0.5,440.0,82.7,62.9,4.79,440.0,82.7,62.9,4.79,880.0,
PIPE,Pipe16STD,62.6,17.2,,,,,16.0,0.375,527.0,85.7,65.9,5.53,527.0,85.7,65.9,5.53,1050.0,
PIPE,Pipe16XS,82.9,22.0,,,,,16.0,0.5,665.0,109.0,83.1,5.5,665.0,109.0,83.1,5.5,1330.0,
PIPE,Pipe18STD,70.7,19.4,,,,,18.0,0.375,756.0,109.0,84.0,6.24,756.0,109.0,84.0,6.24,1510.0,
PIPE,Pipe18XS,93.5,24.8,,,,,18.0,0.5,956.0,139.0,106.0,6.21,956.0,139.0,106.0,6.21,1910.0,
PIPE,Pipe1STD,1.68,0.469,,,,,1.315,0.133,0.083,0.177,0.126,0.423,0.083,0.177,0.126,0.423,0.166,
PIPE,Pipe1XS,2.17,0.602,,,,,1.315,0.179,0.101,0.221,0.154,0.41,0.101,0.221,0.154,0.41,0.202,
PIPE,Pipe1_1_2STD,2.72,0.749,,,,,1.9,0.145,0.293,0.421,0.309,0.626,0.293,0.421,0.309,0.626,0.586,
PIPE,Pipe1_1_2XS,3.63,1.0,,,,,1.9,0.2,0.372,0.549,0.392,0.61,0.372,0.549,0.392,0.61,0.744,
PIPE,Pipe1_1_4STD,2.27,0.625,,,,,1.66,0.14,0.184,0.305,0.222,0.543,0.184,0.305,0.222,0.543,0.368,
PIPE,Pipe1_1_4XS,3.0,0.837,,,,,1.66,0.191,0.231,0.393,0.278,0.528,0.231,0.393,0.278,0.528,0.462,
PIPE,Pipe1_2STD,0.85,0.234,,,,,0.84,0.109,0.016,0.0555,0.0388,0.264,0.016,0.0555,0.0388,0.264,0.032,
PIPE,Pipe1_2XS,1.09,0.303,,,,,0.84,0.147,0.019,0.0686,0.0462,0.253,0.019,0.0686,0.0462,0.253,0.038,
PIPE,Pipe20STD,78.7,21.6,,,,,20.0,0.375,1040.0,135.0,104.0,6.95,1040.0,135.0,104.0,6.95,2090.0,
PIPE,Pipe20XS,104.0,27.6,,,,,20.0,0.5,1320.0,172.0,132.0,6.91,1320.0,172.0,132.0,6.91,2640.0,
PIPE,Pipe24STD,94.7,26.0,,,,,24.0,0.375,1820.0,196.0,152.0,8.36,1820.0,196.0,152.0,8.36,3640.0,
PIPE,Pipe24XS,126.0,33.3,,,,,24.0,0.5,2310.0,250.0,192.0,8.33,2310.0,250.0,192.0,8.33,4620.0,
PIPE,Pipe26STD,103.0,28.2,,,,,26.0,0.375,2320.0,230.0,178.0,9.07,2320.0,230.0,178.0,9.07,4640.0,
PIPE,Pipe26XS,136.0,36.1,,,,,26.0,0.5,2950.0,294.0,227.0,9.03,2950.0,294.0,227.0,9.03,5900.0,
PIPE,Pipe2STD,3.66,1.02,,,,,2.375,0.154,0.627,0.713,0.528,0.791,0.627,0.713,0.528,0.791,1.25,
PIPE,Pipe2XS,5.03,1.4,,,,,2.375,0.218,0.827,0.964,0.696,0.771,0.827,0.964,0.696,0.771,1.65,
PIPE,Pipe2XXS,9.04,2.51,,,,,2.375,0.436,1.27,1.6,1.07,0.711,1.27,1.6,1.07,0.711,2.54,
PIPE,Pipe2_1_2STD,5.8,1.61,,,,,2.875,0.203,1.45,1.37,1.01,0.952,1.45,1.37,1.01,0.952,2.89,
PIPE,Pipe2_1_2XS,7.67,2.1,,,,,2.875,0.276,1.83,1.77,1.27,0.93,1.83,1.77,1.27,0.93,3.66,
PIPE,Pipe2_1_2XXS,13.7,3.83,,,,,2.875,0.552,2.78,2.91,1.94,0.854,2.78,2.91,1.94,0.854,5.56,
PIPE,Pipe3STD,7.58,2.07,,,,,3.5,0.216,2.85,2.19,1.63,1.17,2.85,2.19,1.63,1.17,5.69,
PIPE,Pipe3XS,10.3,2.83,,,,,3.5,0.3,3.7,2.91,2.11,1.14,3.7,2.91,2.11,1.14,7.4,
PIPE,Pipe3XXS,18.6,5.17,,,,,3.5,0.6,5.79,4.89,3.31,1.06,5.79,4.89,3.31,1.06,11.6,
PIPE,Pipe3_1_2STD,9.12,2.5,,,,,4.0,0.226,4.52,3.03,2.26,1.34,4.52,3.03,2.26,1.34,9.04,
PIPE,Pipe3_1_2XS,12.5,3.43,,,,,4.0,0.318,5.94,4.07,2.97,1.31,5.94,4.07,2.97,1.31,11.9,
PIPE,Pipe3_4STD,1.13,0.312,,,,,1.05,0.113,0.035,0.0942,0.0671,0.336,0.035,0.0942,0.0671,0.336,0.07,
PIPE,Pipe3_4XS,1.48,0.407,,,,,1.05,0.154,0.043,0.119,0.0818,0.325,0.043,0.119,0.0818,0.325,0.086,
PIPE,Pipe4STD,10.8,2.96,,,,,4.5,0.237,6.82,4.05,3.03,1.51,6.82,4.05,3.03,1.51,13.6,
PIPE,Pipe4XS,15.0,4.14,,,,,4.5,0.337,9.12,5.53,4.05,1.48,9.12,5.53,4.05,1.48,18.2,
PIPE,Pipe4XXS,27.6,7.66,,,,,4.5,0.674,14.7,9.5,6.53,1.39,14.7,9.5,6.53,1.39,29.4,
PIPE,Pipe5STD,14.6,4.01,,,,,5.563,0.258,14.3,6.83,5.14,1.88,14.3,6.83,5.14,1.88,28.6,
PIPE,Pipe5XS,20.8,5.73,,,,,5.563,0.375,19.5,9.5,7.02,1.85,19.5,9.5,7.02,1.85,39.0,
PIPE,Pipe5XXS,38.6,10.7,,,,,5.563,0.75,32.2,16.7,11.6,1.74,32.2,16.7,11.6,1.74,64.4,
PIPE,Pipe6STD,19.0,5.2,,,,,6.625,0.28,26.5,10.6,7.99,2.25,26.5,10.6,7.99,2.25,52.9,
PIPE,Pipe6XS,28.6,7.83,,,,,6.625,0.432,38.3,15.6,11.6,2.2,38.3,15.6,11.6,2.2,76.6,
PIPE,Pipe6XXS,53.2,14.7,,,,,6.625,0.864,63.5,27.4,19.2,2.08,63.5,27.4,19.2,2.08,127.0,
PIPE,Pipe8STD,28.6,7.85,,,,,8.625,0.322,68.1,20.8,15.8,2.95,68.1,20.8,15.8,2.95,136.0,
PIPE,Pipe8XS,43.4,11.9,,,,,8.625,0.5,100.0,31.0,23.1,2.89,100.0,31.0,23.1,2.89,199.0,
PIPE,Pipe8XXS,72.5,20.0,,,,,8.625,0.875,154.0,49.9,35.8,2.78,154.0,49.9,35.8,2.78,308.0,
S,S10X25_4,25.4,7.45,10.0,4.66,0.311,0.491,,,123.0,28.3,24.6,4.07,6.73,4.99,2.89,0.95,0.603,152.0
S,S10X35,35.0,10.3,10.0,4.94,0.594,0.491,,,147.0,35.4,29.4,3.78,8.3,6.19,3.36,0.899,1.29,188.0
S,S12X31_8,31.8,9.31,12.0,5.0,0.35,0.544,,,217.0,41.8,36.2,4.83,9.33,6.44,3.73,1.0,0.878,306.0
S,S12X35,35.0,10.2,12.0,5.08,0.428,0.544,,,228.0,44.6,38.1,4.72,9.84,6.8,3.88,0.98,1.05,323.0
S,S12X40_8,40.8,11.9,12.0,5.25,0.462,0.659,,,270.0,52.7,45.1,4.76,13.5,8.86,5.13,1.06,1.69,433.0
S,S12X50,50.0,14.7,12.0,5.48,0.687,0.659,,,303.0,60.9,50.6,4.55,15.6,10.3,5.69,1.03,2.77,501.0
S,S15X42_9,42.9,12.6,15.0,5.5,0.411,0.622,,,446.0,69.2,59.4,5.95,14.3,9.08,5.19,1.06,1.54,737.0
S,S15X50,50.0,14.7,15.0,5.64,0.55,0.622,,,485.0,77.0,64.7,5.75,15.6,10.0,5.53,1.03,2.12,805.0
S,S18X54_7,54.7,16.0,18.0,6.0,0.461,0.691,,,801.0,104.0,89.0,7.07,20.7,12.1,6.91,1.14,2.33,1550.0
S,S18X70,70.0,20.5,18.0,6.25,0.711,0.691,,,923.0,124.0,103.0,6.7,24.0,14.3,7.69,1.08,4.1,1800.0
S,S20X66,66.0,19.4,20.0,6.26,0.505,0.795,,,1190.0,139.0,119.0,7.83,27.5,15.4,8.78,1.19,3.58,2530.0
S,S20X75,75.0,22.0,20.0,6.39,0.635,0.795,,,1280.0,152.0,128.0,7.62,29.5,16.7,9.25,1.16,4.59,2720.0
S,S20X86,86.0,25.3,20.3,7.06,0.66,0.92,,,1570.0,183.0,155.0,7.89,46.6,23.1,13.2,1.36,6.65,4370.0
S,S20X96,96.0,28.2,20.3,7.2,0.8,0.92,,,1670.0,198.0,165.0,7.71,49.9,24.9,13.9,1.33,8.4,4690.0
S,S24X100,100.0,29.3,24.0,7.25,0.745,0.87,,,2380.0,239.0,199.0,9.01,47.4,24.0,13.1,1.27,7.59,6350.0
S,S24X106,106.0,31.1,24.5,7.87,0.62,1.09,,,2940.0,279.0,240.0,9.71,76.8,33.4,19.5,1.57,10.1,10500.0
S,S24X121,121.0,35.5,24.5,8.05,0.8,1.09,,,3160.0,306.0,258.0,9.43,83.0,36.3,20.6,1.53,12.8,11400.0
S,S24X80,80.0,23.5,24.0,7.0,0.5,0.87,,,2100.0,204.0,175.0,9.47,42.0,20.8,12.0,1.34,4.89,5620.0
S,S24X90,90.0,26.5,24.0,7.13,0.625,0.87,,,2250.0,222.0,187.0,9.21,44.7,22.4,12.5,1.3,6.05,5980.0
S,S3X5_7,5.7,1.66,3.0,2.33,0.17,0.26,,,2.5,1.94,1.67,1.23,0.447,0.656,0.383,0.518,0.0433,0.838
S,S3X7_5,7.5,2.2,3.0,2.51,0.349,0.26,,,2.91,2.35,1.94,1.15,0.578,0.821,0.461,0.513,0.0896,1.08
S,S4X7_7,7.7,2.26,4.0,2.66,0.193,0.293,,,6.05,3.5,3.03,1.64,0.748,0.97,0.562,0.576,0.0732,2.57
S,S4X9_5,9.5,2.79,4.0,2.8,0.326,0.293,,,6.76,4.04,3.38,1.56,0.887,1.13,0.635,0.564,0.12,3.05
S,S5X10,10.0,2.93,5.0,3.0,0.214,0.326,,,12.3,5.66,4.9,2.05,1.19,1.37,0.795,0.638,0.114,6.52
S,S6X12_5,12.5,3.66,6.0,3.33,0.232,0.359,,,22.0,8.45,7.34,2.45,1.8,1.86,1.08,0.702,0.167,14.3
S,S6X17_25,17.25,5.05,6.0,3.57,0.465,0.359,,,26.2,10.5,8.74,2.28,2.29,2.35,1.28,0.673,0.371,18.2
S,S8X18_4,18.4,5.4,8.0,4.0,0.271,0.425,,,57.5,16.5,14.4,3.26,3.69,3.18,1.84,0.827,0.335,52.9
S,S8X23,23.0,6.76,8.0,4.17,0.441,0.425,,,64.7,19.2,16.2,3.09,4.27,3.67,2.05,0.795,0.55,61.2
ST,ST10X33,33.0,9.7,10.0,6.26,0.505,0.795,,,92.9,23.4,12.9,3.1,13.7,7.7,4.39,1.19,1.78,4.02
ST,ST10X37_5,37.5,11.0,10.0,6.39,0.635,0.795,,,109.0,28.6,15.8,3.15,14.8,8.36,4.62,1.16,2.28,7.21
ST,ST10X43,43.0,12.7,10.2,7.06,0.66,0.92,,,124.0,31.1,17.2,3.13,23.3,11.6,6.59,1.36,3.3,9.17
ST,ST10X48,48.0,14.1,10.2,7.2,0.8,0.92,,,143.0,36.9,20.3,3.18,25.0,12.5,6.93,1.33,4.16,15.0
ST,ST12X40,40.0,11.7,12.0,7.0,0.5,0.87,,,162.0,33.6,18.6,3.72,21.0,10.4,6.0,1.34,2.44,6.94
ST,ST12X45,45.0,13.2,12.0,7.13,0.625,0.87,,,190.0,41.1,22.6,3.79,22.3,11.2,6.27,1.3,3.01,12.1
ST,ST12X50,50.0,14.7,12.0,7.25,0.745,0.87,,,215.0,47.5,26.3,3.83,23.7,12.0,6.55,1.27,3.76,19.5
ST,ST12X53,53.0,15.6,12.3,7.87,0.62,1.09,,,216.0,43.3,24.1,3.72,38.4,16.7,9.76,1.57,5.05,15.0
ST,ST12X60_5,60.5,17.8,12.3,8.05,0.8,1.09,,,259.0,54.5,30.1,3.82,41.5,18.1,10.3,1.53,6.38,27.5
ST,ST1_5X2_85,2.85,0.83,1.5,2.33,0.17,0.26,,,0.114,0.196,0.097,0.37,0.223,0.328,0.192,0.518,0.0216,0.00189
ST,ST1_5X3_75,3.75,1.1,1.5,2.51,0.349,0.26,,,0.2,0.351,0.187,0.426,0.289,0.411,0.23,0.513,0.0432,0.00496
ST,ST2X3_85,3.85,1.13,2.0,2.66,0.193,0.293,,,0.307,0.381,0.198,0.522,0.374,0.485,0.281,0.576,0.0364,0.00457
ST,ST2X4_75,4.75,1.4,2.0,2.8,0.326,0.293,,,0.462,0.592,0.319,0.575,0.444,0.565,0.317,0.564,0.059,0.00995
ST,ST2_5X5,5.0,1.46,2.5,3.0,0.214,0.326,,,0.671,0.65,0.348,0.677,0.597,0.686,0.398,0.638,0.0568,0.01
ST,ST3X6_25,6.25,1.83,3.0,3.33,0.232,0.359,,,1.26,1.01,0.547,0.831,0.901,0.93,0.541,0.702,0.083,0.0197
ST,ST3X8_6,8.6,2.53,3.0,3.57,0.465,0.359,,,2.12,1.85,1.02,0.915,1.14,1.17,0.642,0.673,0.181,0.0772
ST,ST4X11_5,11.5,3.38,4.0,4.17,0.441,0.425,,,5.0,3.19,1.76,1.22,2.13,1.84,1.02,0.795,0.271,0.168
ST,ST4X9_2,9.2,2.7,4.0,4.0,0.271,0.425,,,3.49,2.07,1.14,1.14,1.84,1.59,0.922,0.827,0.167,0.0642
ST,ST5X12_7,12.7,3.72,5.0,4.66,0.311,0.491,,,7.79,3.7,2.05,1.45,3.36,2.49,1.44,0.95,0.3,0.173
ST,ST5X17_5,17.5,5.14,5.0,4.94,0.594,0.491,,,12.5,6.58,3.62,1.56,4.15,3.1,1.68,0.899,0.633,0.725
ST,ST6X15_9,15.9,4.65,6.0,5.0,0.35,0.544,,,14.8,5.94,3.3,1.78,4.66,3.22,1.87,1.0,0.438,0.364
ST,ST6X17_5,17.5,5.12,6.0,5.08,0.428,0.544,,,17.2,7.12,3.95,1.83,4.92,3.4,1.94,0.98,0.524,0.556
ST,ST6X20_4,20.4,5.96,6.0,5.25,0.462,0.659,,,18.9,7.71,4.27,1.78,6.74,4.43,2.57,1.06,0.842,0.787
ST,ST6X25,25.0,7.33,6.0,5.48,0.687,0.659,,,25.1,11.0,6.04,1.85,7.79,5.16,2.84,1.03,1.36,1.97
ST,ST7_5X21_45,21.45,6.3,7.5,5.5,0.411,0.622,,,32.9,10.8,5.99,2.29,7.13,4.54,2.59,1.06,0.765,0.995
ST,ST7_5X25,25.0,7.34,7.5,5.64,0.55,0.622,,,40.5,14.0,7.72,2.35,7.79,4.99,2.76,1.03,1.05,2.02
ST,ST9X27_35,27.35,8.02,9.0,6.0,0.461,0.691,,,62.3,17.3,9.6,2.79,10.4,6.06,3.45,1.14,1.16,2.26
ST,ST9X35,35.0,10.3,9.0,6.25,0.711,0.691,,,84.5,25.1,14.0,2.87,12.0,7.17,3.84,1.08,2.02,7.03
W,W10X100,100.0,29.3,11.1,10.3,0.68,1.12,,,623.0,130.0,112.0,4.6,207.0,61.0,40.0,2.65,10.9,5150.0
W,W10X112,112.0,32.9,11.4,10.4,0.755,1.25,,,716.0,147.0,126.0,4.66,236.0,69.2,45.3,2.68,15.1,6020.0
W,W10X12,12.0,3.54,9.87,3.96,0.19,0.21,,,53.8,12.6,10.9,3.9,2.18,1.74,1.1,0.785,0.0547,50.9
W,W10X15,15.0,4.41,9.99,4.0,0.23,0.27,,,68.9,16.0,13.8,3.95,2.89,2.3,1.45,0.81,0.104,68.3
W,W10X17,17.0,4.99,10.1,4.01,0.24,0.33,,,81.9,18.7,16.2,4.05,3.56,2.8,1.78,0.845,0.156,85.1
W,W10X19,19.0,5.62,10.2,4.02,0.25,0.395,,,96.3,21.6,18.8,4.14,4.29,3.35,2.14,0.874,0.233,104.0
W,W10X22,22.0,6.49,10.2,5.75,0.24,0.36,,,118.0,26.0,23.2,4.27,11.4,6.1,3.97,1.33,0.239,275.0
W,W10X26,26.0,7.61,10.3,5.77,0.26,0.44,,,144.0,31.3,27.9,4.35,14.1,7.5,4.89,1.36,0.402,345.0
W,W10X30,30.0,8.84,10.5,5.81,0.3,0.51,,,170.0,36.6,32.4,4.38,16.7,8.84,5.75,1.37,0.622,414.0
W,W10X33,33.0,9.71,9.73,7.96,0.29,0.435,,,171.0,38.8,35.0,4.19,36.6,14.0,9.2,1.94,0.583,791.0
W,W10X39,39.0,11.5,9.92,7.99,0.315,0.53,,,209.0,46.8,42.1,4.27,45.0,17.2,11.3,1.98,0.976,992.0
W,W10X45,45.0,13.3,10.1,8.02,0.35,0.62,,,248.0,54.9,49.1,4.32,53.4,20.3,13.3,2.01,1.51,1200.0
W,W10X49,49.0,14.4,10.0,10.0,0.34,0.56,,,272.0,60.4,54.6,4.35,93.4,28.3,18.7,2.54,1.39,2070.0
W,W10X54,54.0,15.8,10.1,10.0,0.37,0.615,,,303.0,66.6,60.0,4.37,103.0,31.3,20.6,2.56,1.82,2320.0
W,W10X60,60.0,17.7,10.2,10.1,0.42,0.68,,,341.0,74.6,66.7,4.39,116.0,35.0,23.0,2.57,2.48,2640.0
W,W10X68,68.0,19.9,10.4,10.1,0.47,0.77,,,394.0,85.3,75.7,4.44,134.0,40.1,26.4,2.59,3.56,3100.0
W,W10X77,77.0,22.7,10.6,10.2,0.53,0.87,,,455.0,97.6,85.9,4.49,154.0,45.9,30.1,2.6,5.11,3630.0
W,W10X88,88.0,26.0,10.8,10.3,0.605,0.99,,,534.0,113.0,98.5,4.54,179.0,53.1,34.8,2.63,7.53,4330.0
W,W12X106,106.0,31.2,12.9,12.2,0.61,0.99,,,933.0,164.0,145.0,5.47,301.0,75.1,49.3,3.11,9.13,10700.0
W,W12X120,120.0,35.2,13.1,12.3,0.71,1.11,,,1070.0,186.0,163.0,5.51,345.0,85.4,56.0,3.13,12.9,12400.0
W,W12X136,136.0,39.9,13.4,12.4,0.79,1.25,,,1240.0,214.0,186.0,5.58,398.0,98.0,64.2,3.16,18.5,14700.0
W,W12X14,14.0,4.16,11.9,3.97,0.2,0.225,,,88.6,17.4,14.9,4.62,2.36,1.9,1.19,0.753,0.0704,80.4
W,W12X152,152.0,44.7,13.7,12.5,0.87,1.4,,,1430.0,243.0,209.0,5.66,454.0,111.0,72.8,3.19,25.8,17200.0
W,W12X16,16.0,4.71,12.0,3.99,0.22,0.265,,,103.0,20.1,17.1,4.67,2.82,2.26,1.41,0.773,0.103,96.9
W,W12X170,170.0,50.0,14.0,12.6,0.96,1.56,,,1650.0,275.0,235.0,5.74,517.0,126.0,82.3,3.22,35.6,20100.0
W,W12X19,19.0,5.57,12.2,4.01,0.235,0.35,,,130.0,24.7,21.3,4.82,3.76,2.98,1.88,0.822,0.18,131.0
W,W12X190,190.0,56.0,14.4,12.7,1.06,1.74,,,1890.0,311.0,263.0,5.82,589.0,143.0,93.0,3.25,48.8,23600.0
W,W12X210,210.0,61.8,14.7,12.8,1.18,1.9,,,2140.0,348.0,292.0,5.89,664.0,159.0,104.0,3.28,64.7,27200.0
W,W12X22,22.0,6.48,12.3,4.03,0.26,0.425,,,156.0,29.3,25.4,4.91,4.66,3.66,2.31,0.848,0.293,164.0
W,W12X230,230.0,67.7,15.1,12.9,1.29,2.07,,,2420.0,386.0,321.0,5.97,742.0,177.0,115.0,3.31,83.8,31200.0
W,W12X252,252.0,74.1,15.4,13.0,1.4,2.25,,,2720.0,428.0,353.0,6.06,828.0,196.0,127.0,3.34,108.0,35800.0
W,W12X26,26.0,7.65,12.2,6.49,0.23,0.38,,,204.0,37.2,33.4,5.17,17.3,8.17,5.34,1.51,0.3,607.0
W,W12X279,279.0,81.9,15.9,13.1,1.53,2.47,,,3110.0,481.0,393.0,6.16,937.0,220.0,143.0,3.38,143.0,42000.0
W,W12X30,30.0,8.79,12.3,6.52,0.26,0.44,,,238.0,43.1,38.6,5.21,20.3,9.56,6.24,1.52,0.457,720.0
W,W12X305,305.0,89.5,16.3,13.2,1.63,2.71,,,3550.0,537.0,435.0,6.29,1050.0,244.0,159.0,3.42,185.0,48600.0
W,W12X336,336.0,98.9,16.8,13.4,1.78,2.96,,,4060.0,603.0,483.0,6.41,1190.0,274.0,177.0,3.47,243.0,57000.0
W,W12X35,35.0,10.3,12.5,6.56,0.3,0.52,,,285.0,51.2,45.6,5.25,24.5,11.5,7.47,1.54,0.741,879.0
W,W12X40,40.0,11.7,11.9,8.01,0.295,0.515,,,307.0,57.0,51.5,5.13,44.1,16.8,11.0,1.94,0.906,1440.0
W,W12X45,45.0,13.1,12.1,8.05,0.335,0.575,,,348.0,64.2,57.7,5.15,50.0,19.0,12.4,1.95,1.26,1650.0
W,W12X50,50.0,14.6,12.2,8.08,0.37,0.64,,,391.0,71.9,64.2,5.18,56.3,21.3,13.9,1.96,1.71,1880.0
W,W12X53,53.0,15.6,12.1,10.0,0.345,0.575,,,425.0,77.9,70.6,5.23,95.8,29.1,19.2,2.48,1.58,3160.0
W,W12X58,58.0,17.0,12.2,10.0,0.36,0.64,,,475.0,86.4,78.0,5.28,107.0,32.5,21.4,2.51,2.1,3570.0
W,W12X65,65.0,19.1,12.1,12.0,0.39,0.605,,,533.0,96.8,87.9,5.28,174.0,44.1,29.1,3.02,2.18,5780.0
W,W12X72,72.0,21.1,12.3,12.0,0.43,0.67,,,597.0,108.0,97.4,5.31,195.0,49.2,32.4,3.04,2.93,6540.0
W,W12X79,79.0,23.2,12.4,12.1,0.47,0.735,,,662.0,119.0,107.0,5.34,216.0,54.3,35.8,3.05,3.84,7330.0
W,W12X87,87.0,25.6,12.5,12.1,0.515,0.81,,,740.0,132.0,118.0,5.38,241.0,60.4,39.7,3.07,5.1,8270.0
W,W12X96,96.0,28.2,12.7,12.2,0.55,0.9,,,833.0,147.0,131.0,5.44,270.0,67.5,44.4,3.09,6.85,9410.0
W,W14X109,109.0,32.0,14.3,14.6,0.525,0.86,,,1240.0,192.0,173.0,6.22,447.0,92.7,61.2,3.73,7.12,20200.0
W,W14X120,120.0,35.3,14.5,14.7,0.59,0.94,,,1380.0,212.0,190.0,6.24,495.0,102.0,67.5,3.74,9.37,22700.0
W,W14X132,132.0,38.8,14.7,14.7,0.645,1.03,,,1530.0,234.0,209.0,6.28,548.0,113.0,74.5,3.76,12.3,25500.0
W,W14X145,145.0,42.7,14.8,15.5,0.68,1.09,,,1710.0,260.0,232.0,6.33,677.0,133.0,87.3,3.98,15.2,31700.0
W,W14X159,159.0,46.7,15.0,15.6,0.745,1.19,,,1900.0,287.0,254.0,6.38,748.0,146.0,96.2,4.0,19.7,35600.0
W,W14X176,176.0,51.8,15.2,15.7,0.83,1.31,,,2140.0,320.0,281.0,6.43,838.0,163.0,107.0,4.02,26.5,40500.0
W,W14X193,193.0,56.8,15.5,15.7,0.89,1.44,,,2400.0,355.0,310.0,6.5,931.0,180.0,119.0,4.05,34.8,45900.0
W,W14X211,211.0,62.0,15.7,15.8,0.98,1.56,,,2660.0,390.0,338.0,6.55,1030.0,198.0,130.0,4.07,44.6,51500.0
W,W14X22,22.0,6.49,13.7,5.0,0.23,0.335,,,199.0,33.2,29.0,5.54,7.0,4.39,2.8,1.04,0.208,314.0
W,W14X233,233.0,68.5,16.0,15.9,1.07,1.72,,,3010.0,436.0,375.0,6.63,1150.0,221.0,145.0,4.1,59.5,59000.0
W,W14X257,257.0,75.6,16.4,16.0,1.18,1.89,,,3400.0,487.0,415.0,6.71,1290.0,246.0,161.0,4.13,79.1,67800.0
W,W14X26,26.0,7.69,13.9,5.03,0.255,0.42,,,245.0,40.2,35.3,5.65,8.91,5.54,3.55,1.08,0.358,405.0
W,W14X283,283.0,83.3,16.7,16.1,1.29,2.07,,,3840.0,542.0,459.0,6.79,1440.0,274.0,179.0,4.17,104.0,77700.0
W,W14X30,30.0,8.85,13.8,6.73,0.27,0.385,,,291.0,47.3,42.0,5.73,19.6,8.99,5.82,1.49,0.38,887.0
W,W14X311,311.0,91.4,17.1,16.2,1.41,2.26,,,4330.0,603.0,506.0,6.88,1610.0,304.0,199.0,4.2,136.0,89100.0
W,W14X34,34.0,10.0,14.0,6.75,0.285,0.455,,,340.0,54.6,48.6,5.83,23.3,10.6,6.91,1.53,0.569,1070.0
W,W14X342,342.0,101.0,17.5,16.4,1.54,2.47,,,4900.0,672.0,558.0,6.98,1810.0,338.0,221.0,4.24,178.0,103000.0
W,W14X370,370.0,109.0,17.9,16.5,1.66,2.66,,,5440.0,736.0,607.0,7.07,1990.0,370.0,241.0,4.27,222.0,116000.0
W,W14X38,38.0,11.2,14.1,6.77,0.31,0.515,,,385.0,61.5,54.6,5.87,26.7,12.1,7.88,1.55,0.798,1230.0
W,W14X398,398.0,117.0,18.3,16.6,1.77,2.85,,,6000.0,801.0,656.0,7.16,2170.0,402.0,262.0,4.31,273.0,129000.0
W,W14X426,426.0,125.0,18.7,16.7,1.88,3.04,,,6600.0,869.0,706.0,7.26,2360.0,434.0,283.0,4.34,331.0,144000.0
W,W14X43,43.0,12.6,13.7,8.0,0.305,0.53,,,428.0,69.6,62.6,5.82,45.2,17.3,11.3,1.89,1.05,1950.0
W,W14X455,455.0,134.0,19.0,16.8,2.02,3.21,,,7190.0,936.0,756.0,7.33,2560.0,468.0,304.0,4.38,395.0,160000.0
W,W14X48,48.0,14.1,13.8,8.03,0.34,0.595,,,484.0,78.4,70.2,5.85,51.4,19.6,12.8,1.91,1.45,2240.0
W,W14X500,500.0,147.0,19.6,17.0,2.19,3.5,,,8210.0,1050.0,838.0,7.48,2880.0,522.0,339.0,4.43,514.0,187000.0
W,W14X53,53.0,15.6,13.9,8.06,0.37,0.66,,,541.0,87.1,77.8,5.89,57.7,22.0,14.3,1.92,1.94,2540.0
W,W14X550,550.0,162.0,20.2,17.2,2.38,3.82,,,9430.0,1180.0,931.0,7.63,3250.0,583.0,378.0,4.49,669.0,219000.0
W,W14X605,605.0,178.0,20.9,17.4,2.6,4.16,,,10800.0,1320.0,1040.0,7.8,3680.0,652.0,423.0,4.55,869.0,258000.0
W,W14X61,61.0,17.9,13.9,10.0,0.375,0.645,,,640.0,102.0,92.1,5.98,107.0,32.8,21.5,2.45,2.19,4710.0
W,W14X665,665.0,196.0,21.6,17.7,2.83,4.52,,,12400.0,1480.0,1150.0,7.98,4170.0,730.0,472.0,4.62,1120.0,305000.0
W,W14X68,68.0,20.0,14.0,10.0,0.415,0.72,,,722.0,115.0,103.0,6.01,121.0,36.9,24.2,2.46,3.01,5380.0
W,W14X730,730.0,215.0,22.4,17.9,3.07,4.91,,,14300.0,1660.0,1280.0,8.17,4720.0,816.0,527.0,4.69,1450.0,362000.0
W,W14X74,74.0,21.8,14.2,10.1,0.45,0.785,,,795.0,126.0,112.0,6.04,134.0,40.5,26.6,2.48,3.87,5990.0
W,W14X808,808.0,238.0,22.8,18.6,3.74,5.12,,,15900.0,1830.0,1390.0,8.17,5550.0,930.0,597.0,4.83,1840.0,434000.0
W,W14X82,82.0,24.0,14.3,10.1,0.51,0.855,,,881.0,139.0,123.0,6.05,148.0,44.8,29.3,2.48,5.07,6710.0
W,W14X873,873.0,257.0,23.6,18.8,3.94,5.51,,,18100.0,2030.0,1530.0,8.39,6170.0,1020.0,656.0,4.9,2270.0,505000.0
W,W14X90,90.0,26.5,14.0,14.5,0.44,0.71,,,999.0,157.0,143.0,6.14,362.0,75.6,49.9,3.7,4.06,16000.0
W,W14X99,99.0,29.1,14.2,14.6,0.485,0.78,,,1110.0,173.0,157.0,6.17,402.0,83.6,55.2,3.71,5.37,18000.0
W,W16X100,100.0,29.4,17.0,10.4,0.585,0.985,,,1490.0,198.0,175.0,7.1,186.0,54.9,35.7,2.51,7.73,11900.0
W,W16X26,26.0,7.68,15.7,5.5,0.25,0.345,,,301.0,44.2,38.4,6.26,9.59,5.48,3.49,1.12,0.262,565.0
W,W16X31,31.0,9.13,15.9,5.53,0.275,0.44,,,375.0,54.0,47.2,6.41,12.4,7.03,4.49,1.17,0.461,739.0
W,W16X36,36.0,10.6,15.9,6.99,0.295,0.43,,,448.0,64.0,56.5,6.51,24.5,10.8,7.0,1.52,0.545,1460.0
W,W16X40,40.0,11.8,16.0,7.0,0.305,0.505,,,518.0,73.0,64.7,6.63,28.9,12.7,8.25,1.57,0.794,1730.0
W,W16X45,45.0,13.3,16.1,7.04,0.345,0.565,,,586.0,82.3,72.7,6.65,32.8,14.5,9.34,1.57,1.11,1990.0
W,W16X50,50.0,14.7,16.3,7.07,0.38,0.63,,,659.0,92.0,81.0,6.68,37.2,16.3,10.5,1.59,1.52,2270.0
W,W16X57,57.0,16.8,16.4,7.12,0.43,0.715,,,758.0,105.0,92.2,6.72,43.1,18.9,12.1,1.6,2.22,2660.0
W,W16X67,67.0,19.6,16.3,10.2,0.395,0.665,,,954.0,130.0,117.0,6.96,119.0,35.5,23.2,2.46,2.39,7300.0
W,W16X77,77.0,22.6,16.5,10.3,0.455,0.76,,,1110.0,150.0,134.0,7.0,138.0,41.1,26.9,2.47,3.57,8590.0
W,W16X89,89.0,26.2,16.8,10.4,0.525,0.875,,,1300.0,175.0,155.0,7.05,163.0,48.1,31.4,2.49,5.45,10200.0
W,W18X106,106.0,31.1,18.7,11.2,0.59,0.94,,,1910.0,230.0,204.0,7.84,220.0,60.5,39.4,2.66,7.48,17400.0
W,W18X119,119.0,35.1,19.0,11.3,0.655,1.06,,,2190.0,262.0,231.0,7.9,253.0,69.1,44.9,2.69,10.6,20300.0
W,W18X130,130.0,38.3,19.3,11.2,0.67,1.2,,,2460.0,290.0,256.0,8.03,278.0,76.7,49.9,2.7,14.5,22700.0
W,W18X143,143.0,42.0,19.5,11.2,0.73,1.32,,,2750.0,322.0,282.0,8.09,311.0,85.4,55.5,2.72,19.2,25700.0
W,W18X158,158.0,46.3,19.7,11.3,0.81,1.44,,,3060.0,356.0,310.0,8.12,347.0,94.8,61.4,2.74,25.2,29000.0
W,W18X175,175.0,51.4,20.0,11.4,0.89,1.59,,,3450.0,398.0,344.0,8.2,391.0,106.0,68.8,2.76,33.8,33300.0
W,W18X192,192.0,56.2,20.4,11.5,0.96,1.75,,,3870.0,442.0,380.0,8.28,440.0,119.0,76.8,2.79,44.7,38000.0
W,W18X211,211.0,62.3,20.7,11.6,1.06,1.91,,,4330.0,490.0,419.0,8.35,493.0,132.0,85.3,2.82,58.6,43400.0
W,W18X234,234.0,68.6,21.1,11.7,1.16,2.11,,,4900.0,549.0,466.0,8.44,558.0,149.0,95.8,2.85,78.7,50100.0
W,W18X258,258.0,76.0,21.5,11.8,1.28,2.3,,,5510.0,611.0,514.0,8.53,628.0,166.0,107.0,2.88,103.0,57600.0
W,W18X283,283.0,83.3,21.9,11.9,1.4,2.5,,,6170.0,676.0,565.0,8.61,704.0,185.0,118.0,2.91,134.0,65900.0
W,W18X311,311.0,91.6,22.3,12.0,1.52,2.74,,,6970.0,754.0,624.0,8.72,795.0,207.0,132.0,2.95,176.0,76200.0
W,W18X35,35.0,10.3,17.7,6.0,0.3,0.425,,,510.0,66.5,57.6,7.04,15.3,8.06,5.12,1.22,0.506,1140.0
W,W18X40,40.0,11.8,17.9,6.02,0.315,0.525,,,612.0,78.4,68.4,7.21,19.1,10.0,6.35,1.27,0.81,1440.0
W,W18X46,46.0,13.5,18.1,6.06,0.36,0.605,,,712.0,90.7,78.8,7.25,22.5,11.7,7.43,1.29,1.22,1720.0
W,W18X50,50.0,14.7,18.0,7.5,0.355,0.57,,,800.0,101.0,88.9,7.38,40.1,16.6,10.7,1.65,1.24,3040.0
W,W18X55,55.0,16.2,18.1,7.53,0.39,0.63,,,890.0,112.0,98.3,7.41,44.9,18.5,11.9,1.67,1.66,3430.0
W,W18X60,60.0,17.6,18.2,7.56,0.415,0.695,,,984.0,123.0,108.0,7.47,50.1,20.6,13.3,1.68,2.17,3850.0
W,W18X65,65.0,19.1,18.4,7.59,0.45,0.75,,,1070.0,133.0,117.0,7.49,54.8,22.5,14.4,1.69,2.73,4240.0
W,W18X71,71.0,20.9,18.5,7.64,0.495,0.81,,,1170.0,146.0,127.0,7.5,60.3,24.7,15.8,1.7,3.49,4700.0
W,W18X76,76.0,22.3,18.2,11.0,0.425,0.68,,,1330.0,163.0,146.0,7.73,152.0,42.2,27.6,2.61,2.83,11700.0
W,W18X86,86.0,25.3,18.4,11.1,0.48,0.77,,,1530.0,186.0,166.0,7.77,175.0,48.4,31.6,2.63,4.1,13600.0
W,W18X97,97.0,28.5,18.6,11.1,0.535,0.87,,,1750.0,211.0,188.0,7.82,201.0,55.3,36.1,2.65,5.86,15800.0
W,W21X101,101.0,29.8,21.4,12.3,0.5,0.8,,,2420.0,253.0,227.0,9.02,248.0,61.7,40.3,2.89,5.21,26200.0
W,W21X111,111.0,32.6,21.5,12.3,0.55,0.875,,,2670.0,279.0,249.0,9.05,274.0,68.2,44.5,2.9,6.83,29200.0
W,W21X122,122.0,35.9,21.7,12.4,0.6,0.96,,,2960.0,307.0,273.0,9.09,305.0,75.6,49.2,2.92,8.98,32700.0
W,W21X132,132.0,38.8,21.8,12.4,0.65,1.04,,,3220.0,333.0,295.0,9.12,333.0,82.3,53.5,2.93,11.3,36000.0
W,W21X147,147.0,43.2,22.1,12.5,0.72,1.15,,,3630.0,373.0,329.0,9.17,376.0,92.6,60.1,2.95,15.4,41100.0
W,W21X166,166.0,48.8,22.5,12.4,0.75,1.36,,,4280.0,432.0,380.0,9.36,435.0,108.0,70.0,2.99,23.6,48500.0
W,W21X182,182.0,53.6,22.7,12.5,0.83,1.48,,,4730.0,476.0,417.0,9.4,483.0,119.0,77.2,3.0,30.7,54400.0
W,W21X201,201.0,59.3,23.0,12.6,0.91,1.63,,,5310.0,530.0,461.0,9.47,542.0,133.0,86.1,3.02,40.9,62000.0
W,W21X223,223.0,66.5,23.4,12.7,1.0,1.79,,,6080.0,601.0,520.0,9.56,614.0,150.0,96.7,3.04,59.5,71700.0
W,W21X248,248.0,73.8,23.7,12.8,1.1,1.99,,,6830.0,671.0,576.0,9.62,699.0,170.0,109.0,3.08,80.7,82400.0
W,W21X275,275.0,81.8,24.1,12.9,1.22,2.19,,,7690.0,749.0,638.0,9.7,787.0,191.0,122.0,3.1,107.0,94400.0
W,W21X44,44.0,13.0,20.7,6.5,0.35,0.45,,,843.0,95.4,81.6,8.06,20.7,10.2,6.37,1.26,0.77,2110.0
W,W21X48,48.0,14.1,20.6,8.14,0.35,0.43,,,959.0,107.0,93.0,8.24,38.7,14.9,9.52,1.66,0.803,3950.0
W,W21X50,50.0,14.7,20.8,6.53,0.38,0.535,,,984.0,110.0,94.5,8.18,24.9,12.2,7.64,1.3,1.14,2570.0
W,W21X55,55.0,16.2,20.8,8.22,0.375,0.522,,,1140.0,126.0,110.0,8.4,48.4,18.4,11.8,1.73,1.24,4980.0
W,W21X57,57.0,16.7,21.1,6.56,0.405,0.65,,,1170.0,129.0,111.0,8.36,30.6,14.8,9.35,1.35,1.77,3190.0
W,W21X62,62.0,18.3,21.0,8.24,0.4,0.615,,,1330.0,144.0,127.0,8.54,57.5,21.7,14.0,1.77,1.83,5960.0
W,W21X68,68.0,20.0,21.1,8.27,0.43,0.685,,,1480.0,160.0,140.0,8.6,64.7,24.4,15.7,1.8,2.45,6760.0
W,W21X73,73.0,21.5,21.2,8.3,0.455,0.74,,,1600.0,172.0,151.0,8.64,70.6,26.6,17.0,1.81,3.02,7410.0
W,W21X83,83.0,24.4,21.4,8.36,0.515,0.835,,,1830.0,196.0,171.0,8.67,81.4,30.5,19.5,1.83,4.34,8630.0
W,W21X93,93.0,27.3,21.6,8.42,0.58,0.93,,,2070.0,221.0,192.0,8.7,92.9,34.7,22.1,1.84,6.03,9940.0
W,W24X103,103.0,30.3,24.5,9.0,0.55,0.98,,,3000.0,280.0,245.0,10.0,119.0,41.5,26.5,1.99,7.07,16600.0
W,W24X104,104.0,30.7,24.1,12.8,0.5,0.75,,,3100.0,289.0,258.0,10.1,259.0,62.4,40.7,2.91,4.72,35200.0
W,W24X117,117.0,34.4,24.3,12.8,0.55,0.85,,,3540.0,327.0,291.0,10.1,297.0,71.4,46.5,2.94,6.72,40800.0
W,W24X131,131.0,38.6,24.5,12.9,0.605,0.96,,,4020.0,370.0,329.0,10.2,340.0,81.5,53.0,2.97,9.5,47100.0
W,W24X146,146.0,43.0,24.7,12.9,0.65,1.09,,,4580.0,418.0,371.0,10.3,391.0,93.2,60.5,3.01,13.4,54600.0
W,W24X162,162.0,47.8,25.0,13.0,0.705,1.22,,,5170.0,468.0,414.0,10.4,443.0,105.0,68.4,3.05,18.5,62600.0
W,W24X176,176.0,51.7,25.2,12.9,0.75,1.34,,,5680.0,511.0,450.0,10.5,479.0,115.0,74.3,3.04,23.9,68400.0
W,W24X192,192.0,56.5,25.5,13.0,0.81,1.46,,,6260.0,559.0,491.0,10.5,530.0,126.0,81.8,3.07,30.8,76300.0
W,W24X207,207.0,60.7,25.7,13.0,0.87,1.57,,,6820.0,606.0,531.0,10.6,578.0,137.0,88.8,3.08,38.3,84100.0
W,W24X229,229.0,67.2,26.0,13.1,0.96,1.73,,,7650.0,675.0,588.0,10.7,651.0,154.0,99.4,3.11,51.3,96100.0
W,W24X250,250.0,73.5,26.3,13.2,1.04,1.89,,,8490.0,744.0,644.0,10.7,724.0,171.0,110.0,3.14,66.6,108000.0
W,W24X279,279.0,81.9,26.7,13.3,1.16,2.09,,,9600.0,835.0,718.0,10.8,823.0,193.0,124.0,3.17,90.5,125000.0
W,W24X306,306.0,89.7,27.1,13.4,1.26,2.28,,,10700.0,922.0,789.0,10.9,919.0,214.0,137.0,3.2,117.0,142000.0
W,W24X335,335.0,98.3,27.5,13.5,1.38,2.48,,,11900.0,1020.0,864.0,11.0,1030.0,238.0,152.0,3.23,152.0,161000.0
W,W24X370,370.0,109.0,28.0,13.7,1.52,2.72,,,13400.0,1130.0,957.0,11.1,1160.0,267.0,170.0,3.27,201.0,186000.0
W,W24X55,55.0,16.2,23.6,7.01,0.395,0.505,,,1350.0,134.0,114.0,9.11,29.1,13.3,8.3,1.34,1.18,3870.0
W,W24X62,62.0,18.2,23.7,7.04,0.43,0.59,,,1550.0,153.0,131.0,9.23,34.5,15.7,9.8,1.38,1.71,4620.0
W,W24X68,68.0,20.1,23.7,8.97,0.415,0.585,,,1830.0,177.0,154.0,9.55,70.4,24.5,15.7,1.87,1.87,9430.0
W,W24X76,76.0,22.4,23.9,8.99,0.44,0.68,,,2100.0,200.0,176.0,9.69,82.5,28.6,18.4,1.92,2.68,11100.0
W,W24X84,84.0,24.7,24.1,9.02,0.47,0.77,,,2370.0,224.0,196.0,9.79,94.4,32.6,20.9,1.95,3.7,12800.0
W,W24X94,94.0,27.7,24.3,9.07,0.515,0.875,,,2700.0,254.0,222.0,9.87,109.0,37.5,24.0,1.98,5.26,15000.0
W,W27X102,102.0,30.0,27.1,10.0,0.515,0.83,,,3620.0,305.0,267.0,11.0,139.0,43.4,27.8,2.15,5.28,24000.0
W,W27X114,114.0,33.6,27.3,10.1,0.57,0.93,,,4080.0,343.0,299.0,11.0,159.0,49.3,31.5,2.18,7.33,27600.0
W,W27X129,129.0,37.8,27.6,10.0,0.61,1.1,,,4760.0,395.0,345.0,11.2,184.0,57.6,36.8,2.21,11.1,32500.0
W,W27X146,146.0,43.2,27.4,14.0,0.605,0.975,,,5660.0,464.0,414.0,11.5,443.0,97.7,63.5,3.2,11.3,77200.0
W,W27X161,161.0,47.6,27.6,14.0,0.66,1.08,,,6310.0,515.0,458.0,11.5,497.0,109.0,70.9,3.23,15.1,87300.0
W,W27X178,178.0,52.5,27.8,14.1,0.725,1.19,,,7020.0,570.0,505.0,11.6,555.0,122.0,78.8,3.25,20.1,98400.0
W,W27X194,194.0,57.1,28.1,14.0,0.75,1.34,,,7860.0,631.0,559.0,11.7,619.0,136.0,88.1,3.29,27.1,111000.0
W,W27X217,217.0,63.9,28.4,14.1,0.83,1.5,,,8910.0,711.0,627.0,11.8,704.0,154.0,100.0,3.32,37.6,128000.0
W,W27X235,235.0,69.4,28.7,14.2,0.91,1.61,,,9700.0,772.0,677.0,11.8,769.0,168.0,108.0,3.33,47.0,141000.0
W,W27X258,258.0,76.1,29.0,14.3,0.98,1.77,,,10800.0,852.0,745.0,11.9,859.0,187.0,120.0,3.36,61.6,159000.0
W,W27X281,281.0,83.1,29.3,14.4,1.06,1.93,,,11900.0,936.0,814.0,12.0,953.0,206.0,133.0,3.39,79.5,178000.0
W,W27X307,307.0,90.2,29.6,14.4,1.16,2.09,,,13100.0,1030.0,887.0,12.0,1050.0,227.0,146.0,3.41,101.0,199000.0
W,W27X336,336.0,99.2,30.0,14.6,1.26,2.28,,,14600.0,1130.0,972.0,12.1,1180.0,252.0,162.0,3.45,131.0,226000.0
W,W27X368,368.0,109.0,30.4,14.7,1.38,2.48,,,16200.0,1240.0,1060.0,12.2,1310.0,279.0,179.0,3.48,170.0,255000.0
W,W27X539,539.0,159.0,32.5,15.3,1.97,3.54,,,25600.0,1890.0,1570.0,12.7,2110.0,437.0,277.0,3.65,496.0,443000.0
W,W27X84,84.0,24.7,26.7,10.0,0.46,0.64,,,2850.0,244.0,213.0,10.7,106.0,33.2,21.2,2.07,2.81,17900.0
W,W27X94,94.0,27.6,26.9,10.0,0.49,0.745,,,3270.0,278.0,243.0,10.9,124.0,38.8,24.8,2.12,4.03,21300.0
W,W30X108,108.0,31.7,29.8,10.5,0.545,0.76,,,4470.0,346.0,299.0,11.9,146.0,43.9,27.9,2.15,4.99,30900.0
W,W30X116,116.0,34.2,30.0,10.5,0.565,0.85,,,4930.0,378.0,329.0,12.0,164.0,49.2,31.3,2.19,6.43,34900.0
W,W30X124,124.0,36.5,30.2,10.5,0.585,0.93,,,5360.0,408.0,355.0,12.1,181.0,54.0,34.4,2.23,7.99,38600.0
W,W30X132,132.0,38.8,30.3,10.5,0.615,1.0,,,5770.0,437.0,380.0,12.2,196.0,58.4,37.2,2.25,9.72,42100.0
W,W30X148,148.0,43.6,30.7,10.5,0.65,1.18,,,6680.0,500.0,436.0,12.4,227.0,68.0,43.3,2.28,14.5,49400.0
W,W30X173,173.0,50.9,30.4,15.0,0.655,1.07,,,8230.0,607.0,541.0,12.7,598.0,123.0,79.8,3.42,15.6,129000.0
W,W30X191,191.0,56.1,30.7,15.0,0.71,1.19,,,9200.0,675.0,600.0,12.8,673.0,138.0,89.5,3.46,21.0,146000.0
W,W30X211,211.0,62.3,30.9,15.1,0.775,1.32,,,10300.0,751.0,665.0,12.9,757.0,155.0,100.0,3.49,28.4,166000.0
W,W30X235,235.0,69.3,31.3,15.1,0.83,1.5,,,11700.0,847.0,748.0,13.0,855.0,175.0,114.0,3.51,40.3,190000.0
W,W30X261,261.0,77.0,31.6,15.2,0.93,1.65,,,13100.0,943.0,829.0,13.1,959.0,196.0,127.0,3.53,54.1,215000.0
W,W30X292,292.0,86.0,32.0,15.3,1.02,1.85,,,14900.0,1060.0,930.0,13.2,1100.0,223.0,144.0,3.58,75.2,250000.0
W,W30X326,326.0,95.9,32.4,15.4,1.14,2.05,,,16800.0,1190.0,1040.0,13.2,1240.0,252.0,162.0,3.6,103.0,287000.0
W,W30X357,357.0,105.0,32.8,15.5,1.24,2.24,,,18700.0,1320.0,1140.0,13.3,1390.0,279.0,179.0,3.64,134.0,324000.0
W,W30X391,391.0,115.0,33.2,15.6,1.36,2.44,,,20700.0,1450.0,1250.0,13.4,1550.0,310.0,198.0,3.67,173.0,366000.0
W,W30X90,90.0,26.3,29.5,10.4,0.47,0.61,,,3610.0,283.0,245.0,11.7,115.0,34.7,22.1,2.09,2.84,24000.0
W,W30X99,99.0,29.0,29.7,10.5,0.52,0.67,,,3990.0,312.0,269.0,11.7,128.0,38.6,24.5,2.1,3.77,26800.0
W,W33X118,118.0,34.7,32.9,11.5,0.55,0.74,,,5900.0,415.0,359.0,13.0,187.0,51.3,32.6,2.32,5.3,48300.0
W,W33X130,130.0,38.3,33.1,11.5,0.58,0.855,,,6710.0,467.0,406.0,13.2,218.0,59.5,37.9,2.39,7.37,56600.0
W,W33X141,141.0,41.5,33.3,11.5,0.605,0.96,,,7450.0,514.0,448.0,13.4,246.0,66.9,42.7,2.43,9.7,64400.0
W,W33X152,152.0,44.9,33.5,11.6,0.635,1.06,,,8160.0,559.0,487.0,13.5,273.0,73.9,47.2,2.47,12.4,71700.0
W,W33X169,169.0,49.5,33.8,11.5,0.67,1.22,,,9290.0,629.0,549.0,13.7,310.0,84.4,53.9,2.5,17.7,82400.0
W,W33X201,201.0,59.1,33.7,15.7,0.715,1.15,,,11600.0,773.0,686.0,14.0,749.0,147.0,95.2,3.56,20.8,198000.0
W,W33X221,221.0,65.3,33.9,15.8,0.775,1.28,,,12900.0,857.0,759.0,14.1,840.0,164.0,106.0,3.59,27.8,224000.0
W,W33X241,241.0,71.1,34.2,15.9,0.83,1.4,,,14200.0,940.0,831.0,14.1,933.0,182.0,118.0,3.62,36.2,251000.0
W,W33X263,263.0,77.4,34.5,15.8,0.87,1.57,,,15900.0,1040.0,919.0,14.3,1040.0,202.0,131.0,3.66,48.7,281000.0
W,W33X291,291.0,85.6,34.8,15.9,0.96,1.73,,,17700.0,1160.0,1020.0,14.4,1160.0,226.0,146.0,3.68,65.1,319000.0
W,W33X318,318.0,93.7,35.2,16.0,1.04,1.89,,,19500.0,1270.0,1110.0,14.5,1290.0,250.0,161.0,3.71,84.4,357000.0
W,W33X354,354.0,104.0,35.6,16.1,1.16,2.09,,,22000.0,1420.0,1240.0,14.5,1460.0,282.0,181.0,3.74,115.0,408000.0
W,W33X387,387.0,114.0,36.0,16.2,1.26,2.28,,,24300.0,1560.0,1350.0,14.6,1620.0,312.0,200.0,3.77,148.0,459000.0
W,W36X135,135.0,39.9,35.6,12.0,0.6,0.79,,,7800.0,509.0,439.0,14.0,225.0,59.7,37.7,2.38,7.0,68100.0
W,W36X150,150.0,44.3,35.9,12.0,0.625,0.94,,,9040.0,581.0,504.0,14.3,270.0,70.9,45.1,2.47,10.1,82200.0
W,W36X160,160.0,47.0,36.0,12.0,0.65,1.02,,,9760.0,624.0,542.0,14.4,295.0,77.3,49.1,2.5,12.4,90200.0
W,W36X170,170.0,50.0,36.2,12.0,0.68,1.1,,,10500.0,668.0,581.0,14.5,320.0,83.8,53.2,2.53,15.1,98500.0
W,W36X182,182.0,53.6,36.3,12.1,0.725,1.18,,,11300.0,718.0,623.0,14.5,347.0,90.7,57.6,2.55,18.5,107000.0
W,W36X194,194.0,57.0,36.5,12.1,0.765,1.26,,,12100.0,767.0,664.0,14.6,375.0,97.7,61.9,2.56,22.2,116000.0
W,W36X210,210.0,61.9,36.7,12.2,0.83,1.36,,,13200.0,833.0,719.0,14.6,411.0,107.0,67.5,2.58,28.0,128000.0
W,W36X231,231.0,68.2,36.5,16.5,0.76,1.26,,,15600.0,963.0,854.0,15.1,940.0,176.0,114.0,3.71,28.7,292000.0
W,W36X232,232.0,68.0,37.1,12.1,0.87,1.57,,,15000.0,936.0,809.0,14.8,468.0,122.0,77.2,2.62,39.6,148000.0
W,W36X247,247.0,72.5,36.7,16.5,0.8,1.35,,,16700.0,1030.0,913.0,15.2,1010.0,190.0,123.0,3.74,34.7,316000.0
W,W36X256,256.0,75.3,37.4,12.2,0.96,1.73,,,16800.0,1040.0,895.0,14.9,528.0,137.0,86.5,2.65,52.9,168000.0
W,W36X262,262.0,77.2,36.9,16.6,0.84,1.44,,,17900.0,1100.0,972.0,15.3,1090.0,204.0,132.0,3.76,41.6,342000.0
W,W36X282,282.0,82.9,37.1,16.6,0.885,1.57,,,19600.0,1190.0,1050.0,15.4,1200.0,223.0,144.0,3.8,52.7,378000.0
W,W36X286,286.0,83.9,37.8,12.3,1.06,1.93,,,18900.0,1160.0,1000.0,15.0,602.0,156.0,97.9,2.68,72.8,194000.0
W,W36X302,302.0,89.0,37.3,16.7,0.945,1.68,,,21100.0,1280.0,1130.0,15.4,1300.0,241.0,156.0,3.82,64.3,412000.0
W,W36X318,318.0,93.4,38.2,12.4,1.18,2.13,,,21200.0,1300.0,1110.0,15.1,682.0,176.0,110.0,2.7,98.3,222000.0
W,W36X330,330.0,96.9,37.7,16.6,1.02,1.85,,,23300.0,1410.0,1240.0,15.5,1420.0,265.0,171.0,3.83,84.3,456000.0
W,W36X350,350.0,103.0,38.6,12.6,1.3,2.32,,,23600.0,1440.0,1220.0,15.1,780.0,199.0,124.0,2.75,129.0,257000.0
W,W36X361,361.0,106.0,38.0,16.7,1.12,2.01,,,25700.0,1550.0,1350.0,15.6,1570.0,293.0,188.0,3.85,109.0,509000.0
W,W36X387,387.0,114.0,39.1,12.7,1.42,2.56,,,26500.0,1610.0,1360.0,15.2,882.0,224.0,139.0,2.78,172.0,294000.0
W,W36X395,395.0,116.0,38.4,16.8,1.22,2.2,,,28500.0,1710.0,1490.0,15.7,1750.0,325.0,208.0,3.88,142.0,575000.0
W,W36X441,441.0,130.0,38.9,17.0,1.36,2.44,,,32100.0,1910.0,1650.0,15.7,1990.0,368.0,235.0,3.92,194.0,661000.0
W,W36X487,487.0,143.0,39.3,17.1,1.5,2.68,,,36000.0,2130.0,1830.0,15.8,2250.0,412.0,263.0,3.96,258.0,754000.0
W,W36X529,529.0,156.0,39.8,17.2,1.61,2.91,,,39600.0,2330.0,1990.0,16.0,2490.0,454.0,289.0,4.0,327.0,846000.0
W,W36X652,652.0,192.0,41.1,17.6,1.97,3.54,,,50600.0,2910.0,2460.0,16.2,3230.0,581.0,367.0,4.1,593.0,1130000.0
W,W36X723,723.0,213.0,41.8,17.8,2.17,3.9,,,57300.0,3270.0,2740.0,16.4,3700.0,658.0,416.0,4.17,785.0,1330000.0
W,W36X802,802.0,236.0,42.6,18.0,2.38,4.29,,,64800.0,3660.0,3040.0,16.6,4210.0,744.0,468.0,4.22,1050.0,1540000.0
W,W36X853,853.0,251.0,43.1,18.2,2.52,4.53,,,70000.0,3920.0,3250.0,16.7,4600.0,805.0,505.0,4.28,1240.0,1710000.0
W,W36X925,925.0,272.0,43.1,18.6,3.02,4.53,,,73000.0,4130.0,3390.0,16.4,4940.0,862.0,531.0,4.26,1430.0,1840000.0
W,W40X149,149.0,43.8,38.2,11.8,0.63,0.83,,,9800.0,598.0,513.0,15.0,229.0,62.2,38.8,2.29,9.36,80000.0
W,W40X167,167.0,49.3,38.6,11.8,0.65,1.03,,,11600.0,693.0,600.0,15.3,283.0,76.0,47.9,2.4,14.0,99700.0
W,W40X183,183.0,53.3,39.0,11.8,0.65,1.2,,,13200.0,774.0,675.0,15.7,331.0,88.3,56.0,2.49,19.3,118000.0
W,W40X199,199.0,58.8,38.7,15.8,0.65,1.07,,,14900.0,869.0,770.0,16.0,695.0,137.0,88.2,3.45,18.3,246000.0
W,W40X211,211.0,62.1,39.4,11.8,0.75,1.42,,,15500.0,906.0,786.0,15.8,390.0,105.0,66.1,2.51,30.4,141000.0
W,W40X215,215.0,63.5,39.0,15.8,0.65,1.22,,,16700.0,964.0,859.0,16.2,803.0,156.0,101.0,3.54,24.8,284000.0
W,W40X235,235.0,69.1,39.7,11.9,0.83,1.58,,,17400.0,1010.0,875.0,15.9,444.0,118.0,74.6,2.54,41.3,161000.0
W,W40X249,249.0,73.5,39.4,15.8,0.75,1.42,,,19600.0,1120.0,993.0,16.3,926.0,182.0,118.0,3.55,38.1,334000.0
W,W40X264,264.0,77.4,40.0,11.9,0.96,1.73,,,19400.0,1130.0,971.0,15.8,493.0,132.0,82.6,2.52,56.1,181000.0
W,W40X277,277.0,81.5,39.7,15.8,0.83,1.58,,,21900.0,1250.0,1100.0,16.4,1040.0,204.0,132.0,3.58,51.5,379000.0
W,W40X278,278.0,82.3,40.2,12.0,1.03,1.81,,,20500.0,1190.0,1020.0,15.8,521.0,140.0,87.1,2.52,65.0,192000.0
W,W40X294,294.0,86.2,40.4,12.0,1.06,1.93,,,21900.0,1270.0,1080.0,15.9,562.0,150.0,93.5,2.55,76.6,208000.0
W,W40X297,297.0,87.3,39.8,15.8,0.93,1.65,,,23200.0,1330.0,1170.0,16.3,1090.0,215.0,138.0,3.54,61.2,399000.0
W,W40X324,324.0,95.3,40.2,15.9,1.0,1.81,,,25600.0,1460.0,1280.0,16.4,1220.0,239.0,153.0,3.58,79.4,448000.0
W,W40X327,327.0,95.9,40.8,12.1,1.18,2.13,,,24500.0,1410.0,1200.0,16.0,640.0,170.0,105.0,2.58,103.0,239000.0
W,W40X331,331.0,97.7,40.8,12.2,1.22,2.13,,,24700.0,1430.0,1210.0,15.9,644.0,172.0,106.0,2.57,105.0,241000.0
W,W40X362,362.0,106.0,40.6,16.0,1.12,2.01,,,28900.0,1640.0,1420.0,16.5,1380.0,270.0,173.0,3.6,109.0,513000.0
W,W40X372,372.0,110.0,40.6,16.1,1.16,2.05,,,29600.0,1680.0,1460.0,16.5,1420.0,277.0,177.0,3.6,116.0,528000.0
W,W40X392,392.0,116.0,41.6,12.4,1.42,2.52,,,29900.0,1710.0,1440.0,16.1,803.0,212.0,130.0,2.64,172.0,306000.0
W,W40X397,397.0,117.0,41.0,16.1,1.22,2.2,,,32000.0,1800.0,1560.0,16.6,1540.0,300.0,191.0,3.64,142.0,579000.0
W,W40X431,431.0,127.0,41.3,16.2,1.34,2.36,,,34800.0,1960.0,1690.0,16.6,1690.0,328.0,208.0,3.65,177.0,638000.0
W,W40X503,503.0,148.0,42.1,16.4,1.54,2.76,,,41600.0,2320.0,1980.0,16.8,2040.0,394.0,249.0,3.72,277.0,789000.0
W,W40X593,593.0,174.0,43.0,16.7,1.79,3.23,,,50400.0,2760.0,2340.0,17.0,2520.0,481.0,302.0,3.8,445.0,997000.0
W,W40X655,655.0,193.0,43.6,16.9,1.97,3.54,,,56500.0,3080.0,2590.0,17.1,2870.0,542.0,340.0,3.86,589.0,1150000.0
W,W44X230,230.0,67.8,42.9,15.8,0.71,1.22,,,20800.0,1100.0,971.0,17.5,796.0,157.0,101.0,3.43,24.9,346000.0
W,W44X262,262.0,77.2,43.3,15.8,0.785,1.42,,,24100.0,1270.0,1110.0,17.7,923.0,182.0,117.0,3.47,37.3,405000.0
W,W44X290,290.0,85.4,43.6,15.8,0.865,1.58,,,27000.0,1410.0,1240.0,17.8,1040.0,205.0,132.0,3.49,50.9,461000.0
W,W44X335,335.0,98.5,44.0,15.9,1.03,1.77,,,31100.0,1620.0,1410.0,17.8,1200.0,236.0,150.0,3.49,74.7,535000.0
W,W44X368,368.0,108.0,44.4,16.0,1.1,1.97,,,34700.0,1800.0,1560.0,17.9,1350.0,265.0,169.0,3.54,100.0,608000.0
W,W44X408,408.0,120.0,44.8,16.1,1.22,2.17,,,38700.0,2000.0,1730.0,18.0,1520.0,297.0,189.0,3.56,134.0,691000.0
W,W4X13,13.0,3.83,4.16,4.06,0.28,0.345,,,11.3,6.28,5.46,1.72,3.86,2.92,1.9,1.0,0.151,14.0
W,W5X16,16.0,4.71,5.01,5.0,0.24,0.36,,,21.4,9.63,8.55,2.13,7.51,4.58,3.0,1.26,0.192,40.6
W,W5X19,19.0,5.56,5.15,5.03,0.27,0.43,,,26.3,11.6,10.2,2.17,9.13,5.53,3.63,1.28,0.316,50.9
W,W6X12,12.0,3.55,6.03,4.0,0.23,0.28,,,22.1,8.3,7.31,2.49,2.99,2.32,1.5,0.918,0.0903,24.7
W,W6X15,15.0,4.43,5.99,5.99,0.23,0.26,,,29.1,10.8,9.72,2.56,9.32,4.75,3.11,1.45,0.101,76.5
W,W6X16,16.0,4.74,6.28,4.03,0.26,0.405,,,32.1,11.7,10.2,2.6,4.43,3.39,2.2,0.967,0.223,38.2
W,W6X20,20.0,5.87,6.2,6.02,0.26,0.365,,,41.4,14.9,13.4,2.66,13.3,6.72,4.41,1.5,0.24,113.0
W,W6X25,25.0,7.34,6.38,6.08,0.32,0.455,,,53.4,18.9,16.7,2.7,17.1,8.56,5.61,1.52,0.461,150.0
W,W6X8_5,8.5,2.52,5.83,3.94,0.17,0.195,,,14.9,5.73,5.1,2.43,1.99,1.56,1.01,0.89,0.0333,15.8
W,W6X9,9.0,2.68,5.9,3.94,0.17,0.215,,,16.4,6.23,5.56,2.47,2.2,1.72,1.11,0.905,0.0405,17.7
W,W8X10,10.0,2.96,7.89,3.94,0.17,0.205,,,30.8,8.87,7.81,3.22,2.09,1.66,1.06,0.841,0.0426,30.9
W,W8X13,13.0,3.84,7.99,4.0,0.23,0.255,,,39.6,11.4,9.91,3.21,2.73,2.15,1.37,0.843,0.0871,40.8
W,W8X15,15.0,4.44,8.11,4.02,0.245,0.315,,,48.0,13.6,11.8,3.29,3.41,2.67,1.7,0.876,0.137,51.8
W,W8X18,18.0,5.26,8.14,5.25,0.23,0.33,,,61.9,17.0,15.2,3.43,7.97,4.66,3.04,1.23,0.172,122.0
W,W8X21,21.0,6.16,8.28,5.27,0.25,0.4,,,75.3,20.4,18.2,3.49,9.77,5.69,3.71,1.26,0.282,152.0
W,W8X24,24.0,7.08,7.93,6.5,0.245,0.4,,,82.7,23.1,20.9,3.42,18.3,8.57,5.63,1.61,0.346,259.0
W,W8X28,28.0,8.25,8.06,6.54,0.285,0.465,,,98.0,27.2,24.3,3.45,21.7,10.1,6.63,1.62,0.537,312.0
W,W8X31,31.0,9.13,8.0,8.0,0.285,0.435,,,110.0,30.4,27.5,3.47,37.1,14.1,9.27,2.02,0.536,530.0
W,W8X35,35.0,10.3,8.12,8.02,0.31,0.495,,,127.0,34.7,31.2,3.51,42.6,16.1,10.6,2.03,0.769,619.0
W,W8X40,40.0,11.7,8.25,8.07,0.36,0.56,,,146.0,39.8,35.5,3.53,49.1,18.5,12.2,2.04,1.12,726.0
W,W8X48,48.0,14.1,8.5,8.11,0.4,0.685,,,184.0,49.0,43.2,3.61,60.9,22.9,15.0,2.08,1.96,931.0
W,W8X58,58.0,17.1,8.75,8.22,0.51,0.81,,,228.0,59.8,52.0,3.65,75.1,27.9,18.3,2.1,3.33,1180.0
W,W8X67,67.0,19.7,9.0,8.28,0.57,0.935,,,272.0,70.1,60.4,3.72,88.6,32.7,21.4,2.12,5.05,1440.0
WT,WT10_5X100_5,100.5,29.6,11.5,12.6,0.91,1.63,,,285.0,58.6,31.9,3.1,271.0,66.5,43.1,3.02,20.4,85.4
WT,WT10_5X111_5,111.5,33.2,11.7,12.7,1.0,1.79,,,324.0,66.7,35.9,3.12,307.0,74.9,48.3,3.04,29.6,117.0
WT,WT10_5X124,124.0,37.0,11.9,12.8,1.1,1.99,,,368.0,75.7,40.3,3.15,349.0,84.8,54.5,3.07,40.2,163.0
WT,WT10_5X137_5,137.5,40.9,12.1,12.9,1.22,2.19,,,420.0,86.3,45.7,3.2,394.0,95.1,61.1,3.1,53.5,224.0
WT,WT10_5X22,22.0,6.49,10.3,6.5,0.35,0.45,,,71.1,17.6,9.68,3.31,10.3,5.07,3.18,1.26,0.383,1.4
WT,WT10_5X24,24.0,7.07,10.3,8.14,0.35,0.43,,,74.9,17.8,9.9,3.26,19.4,7.44,4.76,1.66,0.4,1.52
WT,WT10_5X25,25.0,7.36,10.4,6.53,0.38,0.535,,,80.3,19.4,10.7,3.3,12.5,6.08,3.82,1.3,0.57,1.89
WT,WT10_5X27_5,27.5,8.1,10.4,8.22,0.375,0.522,,,84.4,19.4,10.9,3.23,24.2,9.18,5.89,1.73,0.617,2.08
WT,WT10_5X28_5,28.5,8.37,10.5,6.56,0.405,0.65,,,90.4,21.2,11.8,3.29,15.3,7.4,4.67,1.35,0.884,2.5
WT,WT10_5X31,31.0,9.13,10.5,8.24,0.4,0.615,,,93.8,21.1,11.9,3.21,28.7,10.9,6.97,1.77,0.913,2.78
WT,WT10_5X34,34.0,10.0,10.6,8.27,0.43,0.685,,,103.0,22.9,12.9,3.2,32.4,12.2,7.83,1.8,1.22,3.62
WT,WT10_5X36_5,36.5,10.7,10.6,8.3,0.455,0.74,,,110.0,24.4,13.8,3.21,35.3,13.3,8.51,1.81,1.51,4.42
WT,WT10_5X41_5,41.5,12.2,10.7,8.36,0.515,0.835,,,127.0,28.0,15.7,3.22,40.7,15.2,9.74,1.83,2.16,6.5
WT,WT10_5X46_5,46.5,13.7,10.8,8.42,0.58,0.93,,,144.0,31.8,17.9,3.25,46.4,17.3,11.0,1.84,3.01,9.33
WT,WT10_5X50_5,50.5,14.9,10.7,12.3,0.5,0.8,,,135.0,27.9,15.8,3.01,124.0,30.8,20.2,2.89,2.6,10.4
WT,WT10_5X55_5,55.5,16.3,10.8,12.3,0.55,0.875,,,150.0,31.0,17.5,3.03,137.0,34.1,22.2,2.9,3.4,13.8
WT,WT10_5X61,61.0,17.9,10.8,12.4,0.6,0.96,,,166.0,34.3,19.3,3.04,152.0,37.8,24.6,2.91,4.47,18.4
WT,WT10_5X66,66.0,19.4,10.9,12.4,0.65,1.04,,,181.0,37.6,21.1,3.06,166.0,41.1,26.7,2.93,5.62,23.4
WT,WT10_5X73_5,73.5,21.6,11.0,12.5,0.72,1.15,,,204.0,42.4,23.7,3.08,188.0,46.3,30.0,2.95,7.69,32.5
WT,WT10_5X83,83.0,24.4,11.2,12.4,0.75,1.36,,,226.0,46.3,25.5,3.04,217.0,53.9,35.0,2.99,11.8,47.3
WT,WT10_5X91,91.0,26.8,11.4,12.5,0.83,1.48,,,253.0,52.1,28.5,3.07,241.0,59.5,38.6,3.0,15.3,63.0
WT,WT12X103_5,103.5,30.3,12.9,13.0,0.87,1.57,,,382.0,69.3,38.3,3.55,289.0,68.6,44.4,3.08,19.1,91.3
WT,WT12X114_5,114.5,33.6,13.0,13.1,0.96,1.73,,,431.0,78.1,42.9,3.58,326.0,77.0,49.7,3.11,25.5,125.0
WT,WT12X125,125.0,36.8,13.2,13.2,1.04,1.89,,,478.0,86.5,47.2,3.61,362.0,85.2,54.9,3.14,33.2,165.0
WT,WT12X139_5,139.5,41.0,13.4,13.3,1.16,2.09,,,546.0,98.8,53.6,3.65,412.0,96.3,61.9,3.17,45.1,230.0
WT,WT12X153,153.0,44.9,13.6,13.4,1.26,2.28,,,611.0,110.0,59.4,3.69,460.0,107.0,68.6,3.2,58.4,305.0
WT,WT12X167_5,167.5,49.1,13.8,13.5,1.38,2.48,,,686.0,123.0,66.3,3.73,513.0,119.0,75.9,3.23,75.6,405.0
WT,WT12X185,185.0,54.5,14.0,13.7,1.52,2.72,,,779.0,140.0,74.7,3.78,581.0,133.0,85.1,3.27,100.0,553.0
WT,WT12X27_5,27.5,8.1,11.8,7.01,0.395,0.505,,,117.0,25.6,14.1,3.8,14.5,6.65,4.15,1.34,0.588,2.93
WT,WT12X31,31.0,9.11,11.9,7.04,0.43,0.59,,,131.0,28.4,15.6,3.79,17.2,7.85,4.9,1.38,0.85,3.92
WT,WT12X34,34.0,10.0,11.9,8.97,0.415,0.585,,,137.0,27.9,15.6,3.7,35.2,12.3,7.85,1.87,0.932,4.08
WT,WT12X38,38.0,11.2,12.0,8.99,0.44,0.68,,,151.0,30.1,16.9,3.68,41.3,14.3,9.18,1.92,1.34,5.3
WT,WT12X42,42.0,12.4,12.1,9.02,0.47,0.77,,,166.0,32.5,18.3,3.67,47.2,16.3,10.5,1.95,1.84,6.9
WT,WT12X47,47.0,13.8,12.2,9.07,0.515,0.875,,,186.0,36.1,20.3,3.67,54.5,18.7,12.0,1.98,2.62,9.57
WT,WT12X51_5,51.5,15.1,12.3,9.0,0.55,0.98,,,204.0,39.2,22.0,3.67,59.7,20.7,13.3,1.99,3.53,12.3
WT,WT12X52,52.0,15.3,12.0,12.8,0.5,0.75,,,189.0,35.1,20.0,3.51,130.0,31.2,20.3,2.91,2.35,11.6
WT,WT12X58_5,58.5,17.2,12.1,12.8,0.55,0.85,,,212.0,39.2,22.3,3.51,149.0,35.7,23.2,2.94,3.35,16.4
WT,WT12X65_5,65.5,19.3,12.2,12.9,0.605,0.96,,,238.0,43.9,24.8,3.52,170.0,40.7,26.5,2.97,4.74,23.1
WT,WT12X73,73.0,21.5,12.4,12.9,0.65,1.09,,,264.0,48.2,27.2,3.5,195.0,46.6,30.3,3.01,6.7,31.9
WT,WT12X81,81.0,23.9,12.5,13.0,0.705,1.22,,,293.0,53.3,29.9,3.5,221.0,52.6,34.2,3.05,9.22,43.8
WT,WT12X88,88.0,25.8,12.6,12.9,0.75,1.34,,,319.0,57.8,32.2,3.51,240.0,57.3,37.2,3.04,11.9,55.8
WT,WT12X96,96.0,28.2,12.7,13.0,0.81,1.46,,,350.0,63.5,35.2,3.53,265.0,63.1,40.9,3.07,15.3,72.5
WT,WT13_5X108_5,108.5,32.0,14.2,14.1,0.83,1.5,,,502.0,81.1,45.2,3.96,352.0,77.0,49.9,3.32,18.8,105.0
WT,WT13_5X117_5,117.5,34.7,14.3,14.2,0.91,1.61,,,556.0,89.9,50.0,4.0,384.0,83.8,54.2,3.33,23.4,135.0
WT,WT13_5X129,129.0,38.1,14.5,14.3,0.98,1.77,,,613.0,98.9,54.7,4.02,430.0,93.3,60.2,3.36,30.7,178.0
WT,WT13_5X140_5,140.5,41.5,14.6,14.4,1.06,1.93,,,677.0,109.0,59.9,4.04,477.0,103.0,66.4,3.39,39.6,232.0
WT,WT13_5X153_5,153.5,45.2,14.8,14.4,1.16,2.09,,,753.0,121.0,66.4,4.08,527.0,113.0,72.9,3.41,50.5,304.0
WT,WT13_5X168,168.0,49.5,15.0,14.6,1.26,2.28,,,839.0,135.0,73.4,4.12,587.0,126.0,80.8,3.45,65.4,401.0
WT,WT13_5X184,184.0,54.2,15.2,14.7,1.38,2.48,,,939.0,151.0,81.7,4.16,655.0,140.0,89.3,3.48,84.5,532.0
WT,WT13_5X269_5,269.5,79.3,16.3,15.3,1.97,3.54,,,1530.0,242.0,128.0,4.39,1060.0,218.0,138.0,3.65,247.0,1740.0
WT,WT13_5X42,42.0,12.4,13.4,10.0,0.46,0.64,,,216.0,39.2,21.9,4.18,52.8,16.6,10.6,2.07,1.4,7.79
WT,WT13_5X47,47.0,13.8,13.5,10.0,0.49,0.745,,,239.0,42.4,23.8,4.16,62.0,19.4,12.4,2.12,2.01,10.2
WT,WT13_5X51,51.0,15.0,13.5,10.0,0.515,0.83,,,258.0,45.0,25.3,4.14,69.6,21.7,13.9,2.15,2.63,12.6
WT,WT13_5X57,57.0,16.8,13.6,10.1,0.57,0.93,,,289.0,50.4,28.3,4.15,79.3,24.6,15.8,2.18,3.65,17.5
WT,WT13_5X64_5,64.5,18.9,13.8,10.0,0.61,1.1,,,323.0,55.1,31.0,4.13,92.2,28.8,18.4,2.21,5.55,24.0
WT,WT13_5X73,73.0,21.6,13.7,14.0,0.605,0.975,,,336.0,55.0,31.2,3.95,222.0,48.8,31.7,3.2,5.62,31.7
WT,WT13_5X80_5,80.5,23.8,13.8,14.0,0.66,1.08,,,372.0,60.8,34.4,3.95,248.0,54.5,35.4,3.23,7.53,42.7
WT,WT13_5X89,89.0,26.3,13.9,14.1,0.725,1.19,,,414.0,67.7,38.2,3.97,278.0,60.8,39.4,3.25,10.0,57.7
WT,WT13_5X97,97.0,28.6,14.1,14.0,0.75,1.34,,,444.0,71.8,40.3,3.94,309.0,67.8,44.1,3.29,13.5,74.3
WT,WT15X105_5,105.5,31.1,15.5,15.1,0.775,1.32,,,610.0,89.5,50.5,4.43,378.0,77.2,50.1,3.49,14.1,96.4
WT,WT15X117_5,117.5,34.7,15.7,15.1,0.83,1.5,,,674.0,98.2,55.1,4.41,427.0,87.5,56.8,3.51,20.1,133.0
WT,WT15X130_5,130.5,38.5,15.8,15.2,0.93,1.65,,,765.0,112.0,62.4,4.46,480.0,97.9,63.3,3.53,26.9,184.0
WT,WT15X146,146.0,43.0,16.0,15.3,1.02,1.85,,,861.0,125.0,69.6,4.48,549.0,111.0,71.9,3.58,37.5,257.0
WT,WT15X163,163.0,48.0,16.2,15.4,1.14,2.05,,,981.0,143.0,78.8,4.52,622.0,126.0,81.0,3.6,51.2,361.0
WT,WT15X178_5,178.5,52.5,16.4,15.5,1.24,2.24,,,1090.0,159.0,87.2,4.56,693.0,140.0,89.6,3.64,66.6,478.0
WT,WT15X195_5,195.5,57.6,16.6,15.6,1.36,2.44,,,1220.0,177.0,96.9,4.61,774.0,155.0,99.2,3.67,86.3,636.0
WT,WT15X45,45.0,13.2,14.8,10.4,0.47,0.61,,,290.0,49.0,27.1,4.69,57.3,17.3,11.0,2.09,1.41,10.5
WT,WT15X49_5,49.5,14.5,14.8,10.5,0.52,0.67,,,322.0,54.4,30.0,4.71,63.9,19.3,12.2,2.1,1.88,14.3
WT,WT15X54,54.0,15.9,14.9,10.5,0.545,0.76,,,349.0,57.7,32.0,4.69,73.0,21.9,13.9,2.15,2.49,17.3
WT,WT15X58,58.0,17.1,15.0,10.5,0.565,0.85,,,373.0,60.4,33.7,4.67,82.1,24.6,15.6,2.19,3.21,20.5
WT,WT15X62,62.0,18.2,15.1,10.5,0.585,0.93,,,396.0,63.1,35.3,4.66,90.4,27.0,17.2,2.23,3.98,23.9
WT,WT15X66,66.0,19.5,15.2,10.5,0.615,1.0,,,421.0,66.8,37.4,4.66,98.0,29.2,18.6,2.25,4.85,28.5
WT,WT15X74,74.0,21.8,15.3,10.5,0.65,1.18,,,466.0,72.2,40.6,4.63,114.0,33.9,21.7,2.28,7.24,37.6
WT,WT15X86_5,86.5,25.4,15.2,15.0,0.655,1.07,,,497.0,73.5,41.7,4.42,299.0,61.4,39.9,3.42,7.78,53.0
WT,WT15X95_5,95.5,28.0,15.3,15.0,0.71,1.19,,,549.0,80.8,45.7,4.42,336.0,68.9,44.7,3.46,10.5,71.2
WT,WT16_5X100_5,100.5,29.7,16.8,15.7,0.715,1.15,,,725.0,97.8,55.5,4.95,375.0,73.3,47.6,3.56,10.4,84.9
WT,WT16_5X110_5,110.5,32.6,17.0,15.8,0.775,1.28,,,799.0,107.0,60.8,4.95,420.0,82.1,53.2,3.59,13.9,113.0
WT,WT16_5X120_5,120.5,35.6,17.1,15.9,0.83,1.4,,,872.0,116.0,65.8,4.96,466.0,90.8,58.8,3.62,18.0,146.0
WT,WT16_5X131_5,131.5,38.7,17.3,15.8,0.87,1.57,,,943.0,125.0,70.2,4.93,517.0,101.0,65.5,3.65,24.3,188.0
WT,WT16_5X145_5,145.5,42.8,17.4,15.9,0.96,1.73,,,1060.0,140.0,78.3,4.96,581.0,113.0,73.1,3.68,32.5,256.0
WT,WT16_5X159,159.0,46.8,17.6,16.0,1.04,1.89,,,1160.0,154.0,85.8,4.99,645.0,125.0,80.7,3.71,42.1,335.0
WT,WT16_5X177,177.0,52.1,17.8,16.1,1.16,2.09,,,1320.0,174.0,96.8,5.03,729.0,141.0,90.6,3.74,57.1,468.0
WT,WT16_5X193_5,193.5,57.0,18.0,16.2,1.26,2.28,,,1460.0,193.0,107.0,5.07,810.0,156.0,100.0,3.77,73.9,615.0
WT,WT16_5X59,59.0,17.4,16.4,11.5,0.55,0.74,,,469.0,70.8,39.2,5.2,93.5,25.6,16.3,2.32,2.64,23.4
WT,WT16_5X65,65.0,19.1,16.5,11.5,0.58,0.855,,,513.0,75.6,42.1,5.18,109.0,29.7,18.9,2.38,3.67,29.3
WT,WT16_5X70_5,70.5,20.7,16.7,11.5,0.605,0.96,,,552.0,79.8,44.7,5.15,123.0,33.4,21.3,2.43,4.84,35.4
WT,WT16_5X76,76.0,22.5,16.7,11.6,0.635,1.06,,,592.0,84.5,47.4,5.14,136.0,36.9,23.6,2.47,6.16,43.0
WT,WT16_5X84_5,84.5,24.7,16.9,11.5,0.67,1.22,,,649.0,90.8,51.1,5.12,155.0,42.1,27.0,2.5,8.81,55.4
WT,WT18X105,105.0,30.9,18.3,12.2,0.83,1.36,,,985.0,131.0,73.1,5.65,206.0,53.4,33.8,2.58,13.9,119.0
WT,WT18X115_5,115.5,34.1,18.2,16.5,0.76,1.26,,,978.0,122.0,69.1,5.36,470.0,88.0,57.0,3.71,14.3,129.0
WT,WT18X116,116.0,34.0,18.6,12.1,0.87,1.57,,,1080.0,140.0,78.5,5.63,234.0,60.9,38.6,2.62,19.7,151.0
WT,WT18X123_5,123.5,36.3,18.3,16.5,0.8,1.35,,,1040.0,129.0,73.3,5.36,507.0,94.8,61.4,3.74,17.3,155.0
WT,WT18X128,128.0,37.6,18.7,12.2,0.96,1.73,,,1210.0,156.0,87.4,5.66,264.0,68.5,43.2,2.65,26.4,205.0
WT,WT18X131,131.0,38.5,18.4,16.6,0.84,1.44,,,1110.0,137.0,77.5,5.36,545.0,102.0,65.8,3.76,20.8,185.0
WT,WT18X141,141.0,41.5,18.6,16.6,0.885,1.57,,,1190.0,146.0,82.6,5.36,599.0,112.0,72.2,3.8,26.3,231.0
WT,WT18X143,143.0,42.0,18.9,12.3,1.06,1.93,,,1360.0,175.0,98.0,5.69,301.0,77.8,48.9,2.68,36.2,284.0
WT,WT18X151,151.0,44.5,18.7,16.7,0.945,1.68,,,1280.0,158.0,88.8,5.37,648.0,120.0,77.8,3.82,32.1,285.0
WT,WT18X159,159.0,46.7,19.1,12.4,1.18,2.13,,,1530.0,197.0,110.0,5.72,341.0,87.9,55.0,2.7,48.9,396.0
WT,WT18X165,165.0,48.4,18.8,16.6,1.02,1.85,,,1410.0,173.0,97.0,5.39,711.0,132.0,85.5,3.83,42.0,372.0
WT,WT18X175,175.0,51.5,19.3,12.6,1.3,2.32,,,1720.0,220.0,123.0,5.78,390.0,99.4,61.9,2.75,64.1,538.0
WT,WT18X180_5,180.5,53.0,19.0,16.7,1.12,2.01,,,1570.0,192.0,107.0,5.43,786.0,146.0,94.0,3.85,54.1,491.0
WT,WT18X193_5,193.5,56.8,19.5,12.7,1.42,2.56,,,1910.0,244.0,136.0,5.8,441.0,112.0,69.4,2.79,85.3,720.0
WT,WT18X197_5,197.5,58.1,19.2,16.8,1.22,2.2,,,1740.0,213.0,119.0,5.47,877.0,162.0,104.0,3.88,70.7,652.0
WT,WT18X220_5,220.5,64.9,19.4,17.0,1.36,2.44,,,1980.0,242.0,134.0,5.52,997.0,184.0,117.0,3.92,96.6,914.0
WT,WT18X243_5,243.5,71.7,19.7,17.1,1.5,2.68,,,2220.0,272.0,150.0,5.57,1120.0,206.0,131.0,3.96,128.0,1250.0
WT,WT18X264_5,264.5,77.8,19.9,17.2,1.61,2.91,,,2440.0,298.0,164.0,5.6,1240.0,227.0,145.0,4.0,163.0,1600.0
WT,WT18X326,326.0,96.2,20.5,17.6,1.97,3.54,,,3160.0,383.0,208.0,5.74,1610.0,290.0,184.0,4.1,295.0,3070.0
WT,WT18X361_5,361.5,107.0,20.9,17.8,2.17,3.9,,,3610.0,434.0,235.0,5.81,1850.0,329.0,208.0,4.16,390.0,4250.0
WT,WT18X401,401.0,118.0,21.3,18.0,2.38,4.29,,,4110.0,491.0,265.0,5.9,2100.0,372.0,233.0,4.22,519.0,5830.0
WT,WT18X426_5,426.5,126.0,21.6,18.2,2.52,4.53,,,4480.0,533.0,286.0,5.96,2300.0,403.0,253.0,4.27,615.0,7100.0
WT,WT18X462_5,462.5,136.0,21.6,18.6,3.02,4.53,,,5130.0,617.0,337.0,6.14,2470.0,431.0,266.0,4.26,707.0,9680.0
WT,WT18X67_5,67.5,19.9,17.8,12.0,0.6,0.79,,,637.0,90.1,49.7,5.66,113.0,29.8,18.9,2.38,3.48,37.3
WT,WT18X75,75.0,22.1,17.9,12.0,0.625,0.94,,,698.0,95.5,53.1,5.62,135.0,35.4,22.5,2.47,5.04,46.0
WT,WT18X80,80.0,23.5,18.0,12.0,0.65,1.02,,,740.0,100.0,55.8,5.61,147.0,38.6,24.6,2.5,6.17,53.6
WT,WT18X85,85.0,25.0,18.1,12.0,0.68,1.1,,,786.0,105.0,58.9,5.61,160.0,41.8,26.6,2.53,7.51,63.2
WT,WT18X91,91.0,26.8,18.2,12.1,0.725,1.18,,,845.0,113.0,63.1,5.62,174.0,45.3,28.8,2.55,9.2,77.6
WT,WT18X97,97.0,28.5,18.2,12.1,0.765,1.26,,,901.0,120.0,67.0,5.62,187.0,48.8,30.9,2.56,11.1,92.7
WT,WT20X105_5,105.5,31.1,19.7,11.8,0.75,1.42,,,1120.0,137.0,76.7,6.01,195.0,52.1,33.0,2.51,15.2,113.0
WT,WT20X107_5,107.5,31.8,19.5,15.8,0.65,1.22,,,1030.0,120.0,68.0,5.71,398.0,77.8,50.5,3.54,12.4,101.0
WT,WT20X117_5,117.5,34.6,19.8,11.9,0.83,1.58,,,1260.0,153.0,85.7,6.04,222.0,59.0,37.3,2.54,20.6,156.0
WT,WT20X124_5,124.5,36.7,19.7,15.8,0.75,1.42,,,1210.0,140.0,79.4,5.75,463.0,90.8,58.8,3.55,19.0,158.0
WT,WT20X132,132.0,38.7,20.0,11.9,0.96,1.73,,,1450.0,178.0,99.2,6.11,246.0,66.0,41.3,2.52,27.9,233.0
WT,WT20X138_5,138.5,40.7,19.8,15.8,0.83,1.58,,,1360.0,157.0,88.6,5.78,522.0,102.0,65.9,3.58,25.7,218.0
WT,WT20X139,139.0,41.0,20.1,12.0,1.03,1.81,,,1550.0,191.0,106.0,6.14,261.0,69.9,43.5,2.52,32.4,282.0
WT,WT20X147,147.0,43.1,20.2,12.0,1.06,1.93,,,1630.0,199.0,111.0,6.14,281.0,75.0,46.7,2.55,38.2,322.0
WT,WT20X148_5,148.5,43.6,19.9,15.8,0.93,1.65,,,1500.0,176.0,98.9,5.87,546.0,107.0,69.0,3.54,30.5,279.0
WT,WT20X162,162.0,47.7,20.1,15.9,1.0,1.81,,,1650.0,192.0,108.0,5.88,609.0,119.0,76.6,3.57,39.6,362.0
WT,WT20X163_5,163.5,47.9,20.4,12.1,1.18,2.13,,,1840.0,224.0,125.0,6.19,320.0,85.0,52.7,2.58,51.4,449.0
WT,WT20X165_5,165.5,48.8,20.4,12.2,1.22,2.13,,,1880.0,231.0,128.0,6.21,322.0,85.7,52.9,2.57,52.5,484.0
WT,WT20X181,181.0,53.2,20.3,16.0,1.12,2.01,,,1870.0,217.0,122.0,5.92,691.0,135.0,86.3,3.6,54.2,511.0
WT,WT20X186,186.0,54.7,20.3,16.1,1.16,2.05,,,1930.0,225.0,126.0,5.95,709.0,138.0,88.3,3.6,57.7,558.0
WT,WT20X196,196.0,57.8,20.8,12.4,1.42,2.52,,,2270.0,275.0,153.0,6.27,401.0,106.0,64.9,2.64,85.4,796.0
WT,WT20X198_5,198.5,58.3,20.5,16.1,1.22,2.2,,,2070.0,240.0,134.0,5.96,771.0,150.0,95.7,3.63,70.6,677.0
WT,WT20X215_5,215.5,63.3,20.6,16.2,1.34,2.36,,,2290.0,266.0,148.0,6.01,843.0,164.0,104.0,3.65,88.2,881.0
WT,WT20X251_5,251.5,74.0,21.0,16.4,1.54,2.76,,,2730.0,314.0,174.0,6.07,1020.0,197.0,124.0,3.72,138.0,1400.0
WT,WT20X296_5,296.5,87.2,21.5,16.7,1.79,3.23,,,3310.0,379.0,209.0,6.16,1260.0,240.0,151.0,3.8,221.0,2340.0
WT,WT20X327_5,327.5,96.4,21.8,16.9,1.97,3.54,,,3730.0,426.0,234.0,6.22,1440.0,271.0,170.0,3.86,293.0,3190.0
WT,WT20X74_5,74.5,21.9,19.1,11.8,0.63,0.83,,,815.0,108.0,59.7,6.1,114.0,30.9,19.4,2.29,4.66,51.9
WT,WT20X83_5,83.5,24.5,19.3,11.8,0.65,1.03,,,899.0,115.0,63.7,6.05,141.0,37.8,23.9,2.4,6.99,62.9
WT,WT20X91_5,91.5,26.7,19.5,11.8,0.65,1.2,,,955.0,117.0,65.7,5.98,165.0,44.0,28.0,2.49,9.65,71.2
WT,WT20X99_5,99.5,29.2,19.3,15.8,0.65,1.07,,,988.0,117.0,66.5,5.81,347.0,68.2,44.1,3.45,9.12,83.5
WT,WT22X115,115.0,33.9,21.5,15.8,0.71,1.22,,,1440.0,157.0,88.6,6.53,398.0,78.3,50.5,3.43,12.4,139.0
WT,WT22X131,131.0,38.5,21.7,15.8,0.785,1.42,,,1640.0,176.0,99.4,6.53,462.0,90.9,58.6,3.47,18.6,200.0
WT,WT22X145,145.0,42.6,21.8,15.8,0.865,1.58,,,1830.0,196.0,111.0,6.54,521.0,102.0,65.9,3.49,25.4,275.0
WT,WT22X167_5,167.5,49.2,22.0,15.9,1.03,1.77,,,2170.0,234.0,131.0,6.63,600.0,118.0,75.2,3.49,37.2,438.0
WT,WT22X184,184.0,54.0,22.2,16.0,1.1,1.97,,,2380.0,255.0,143.0,6.64,675.0,132.0,84.4,3.54,49.9,570.0
WT,WT22X204,204.0,59.9,22.4,16.1,1.22,2.17,,,2670.0,286.0,160.0,6.68,758.0,148.0,94.2,3.56,66.9,785.0
WT,WT2X6_5,6.5,1.91,2.08,4.06,0.28,0.345,,,0.526,0.616,0.321,0.524,1.93,1.46,0.95,1.0,0.075,0.0233
WT,WT2_5X8,8.0,2.35,2.51,5.0,0.24,0.36,,,0.845,0.801,0.413,0.599,3.75,2.28,1.5,1.26,0.0958,0.0453
WT,WT2_5X9_5,9.5,2.78,2.58,5.03,0.27,0.43,,,1.01,0.97,0.485,0.604,4.56,2.76,1.81,1.28,0.157,0.0775
WT,WT3X10,10.0,2.94,3.1,6.02,0.26,0.365,,,1.76,1.29,0.693,0.774,6.64,3.36,2.21,1.5,0.12,0.0858
WT,WT3X12_5,12.5,3.67,3.19,6.08,0.32,0.455,,,2.29,1.68,0.886,0.789,8.53,4.28,2.81,1.52,0.229,0.171
WT,WT3X4_25,4.25,1.26,2.92,3.94,0.17,0.195,,,0.905,0.7,0.397,0.848,0.995,0.778,0.505,0.89,0.0166,0.0062
WT,WT3X4_5,4.5,1.34,2.95,3.94,0.17,0.215,,,0.95,0.72,0.408,0.842,1.1,0.856,0.557,0.905,0.0202,0.00736
WT,WT3X6,6.0,1.78,3.02,4.0,0.23,0.28,,,1.32,1.01,0.564,0.862,1.5,1.16,0.748,0.918,0.0449,0.0178
WT,WT3X7_5,7.5,2.21,3.0,5.99,0.23,0.26,,,1.41,1.03,0.577,0.797,4.66,2.37,1.56,1.45,0.0504,0.0342
WT,WT3X8,8.0,2.37,3.14,4.03,0.26,0.405,,,1.69,1.25,0.685,0.844,2.21,1.69,1.1,0.966,0.111,0.0426
WT,WT4X10_5,10.5,3.08,4.14,5.27,0.25,0.4,,,3.9,2.11,1.18,1.12,4.88,2.84,1.85,1.26,0.141,0.0916
WT,WT4X12,12.0,3.54,3.97,6.5,0.245,0.4,,,3.53,1.98,1.08,0.999,9.14,4.28,2.81,1.61,0.173,0.144
WT,WT4X14,14.0,4.12,4.03,6.54,0.285,0.465,,,4.23,2.38,1.28,1.01,10.8,5.04,3.31,1.62,0.268,0.23
WT,WT4X15_5,15.5,4.56,4.0,8.0,0.285,0.435,,,4.28,2.39,1.28,0.969,18.5,7.03,4.64,2.02,0.267,0.327
WT,WT4X17_5,17.5,5.14,4.06,8.02,0.31,0.495,,,4.82,2.71,1.43,0.968,21.3,8.05,5.31,2.03,0.384,0.48
WT,WT4X20,20.0,5.87,4.13,8.07,0.36,0.56,,,5.73,3.25,1.69,0.988,24.5,9.24,6.08,2.04,0.558,0.715
WT,WT4X24,24.0,7.05,4.25,8.11,0.4,0.685,,,6.85,3.94,1.97,0.986,30.5,11.4,7.51,2.08,0.977,1.3
WT,WT4X29,29.0,8.54,4.38,8.22,0.51,0.81,,,9.12,5.25,2.61,1.03,37.5,13.9,9.13,2.1,1.66,2.28
WT,WT4X33_5,33.5,9.84,4.5,8.28,0.57,0.935,,,10.9,6.29,3.05,1.05,44.3,16.3,10.7,2.12,2.51,3.56
WT,WT4X5,5.0,1.48,3.95,3.94,0.17,0.205,,,2.15,1.27,0.717,1.2,1.05,0.826,0.531,0.84,0.0212,0.0114
WT,WT4X6_5,6.5,1.92,4.0,4.0,0.23,0.255,,,2.89,1.74,0.974,1.23,1.36,1.07,0.682,0.843,0.0433,0.0269
WT,WT4X7_5,7.5,2.22,4.06,4.02,0.245,0.315,,,3.28,1.91,1.07,1.22,1.7,1.33,0.849,0.876,0.0679,0.0382
WT,WT4X9,9.0,2.63,4.07,5.25,0.23,0.33,,,3.41,1.86,1.05,1.14,3.98,2.33,1.52,1.23,0.0855,0.0562
WT,WT5X11,11.0,3.24,5.09,5.75,0.24,0.36,,,6.88,3.02,1.72,1.46,5.71,3.05,1.99,1.33,0.119,0.107
WT,WT5X13,13.0,3.81,5.17,5.77,0.26,0.44,,,7.86,3.39,1.91,1.44,7.05,3.75,2.44,1.36,0.201,0.173
WT,WT5X15,15.0,4.42,5.24,5.81,0.3,0.51,,,9.28,4.01,2.24,1.45,8.35,4.41,2.87,1.37,0.31,0.273
WT,WT5X16_5,16.5,4.85,4.87,7.96,0.29,0.435,,,7.71,3.48,1.93,1.26,18.3,7.0,4.6,1.94,0.291,0.356
WT,WT5X19_5,19.5,5.73,4.96,7.99,0.315,0.53,,,8.84,3.99,2.16,1.24,22.5,8.57,5.64,1.98,0.487,0.616
WT,WT5X22_5,22.5,6.63,5.05,8.02,0.35,0.62,,,10.2,4.65,2.47,1.24,26.7,10.1,6.65,2.01,0.753,0.981
WT,WT5X24_5,24.5,7.21,4.99,10.0,0.34,0.56,,,10.0,4.52,2.39,1.18,46.7,14.1,9.34,2.54,0.693,1.33
WT,WT5X27,27.0,7.9,5.05,10.0,0.37,0.615,,,11.1,5.05,2.64,1.19,51.7,15.6,10.3,2.56,0.909,1.78
WT,WT5X30,30.0,8.84,5.11,10.1,0.42,0.68,,,12.9,5.87,3.04,1.21,58.1,17.5,11.5,2.57,1.23,2.46
WT,WT5X34,34.0,10.0,5.2,10.1,0.47,0.77,,,14.9,6.85,3.49,1.22,66.7,20.0,13.2,2.58,1.78,3.62
WT,WT5X38_5,38.5,11.3,5.3,10.2,0.53,0.87,,,17.4,8.06,4.05,1.24,76.8,22.9,15.1,2.6,2.55,5.31
WT,WT5X44,44.0,13.0,5.42,10.3,0.605,0.99,,,20.8,9.65,4.77,1.27,89.3,26.5,17.4,2.63,3.75,8.02
WT,WT5X50,50.0,14.7,5.55,10.3,0.68,1.12,,,24.5,11.4,5.56,1.29,103.0,30.5,20.0,2.65,5.41,11.9
WT,WT5X56,56.0,16.5,5.68,10.4,0.755,1.25,,,28.6,13.4,6.4,1.32,118.0,34.6,22.6,2.67,7.5,16.9
WT,WT5X6,6.0,1.77,4.94,3.96,0.19,0.21,,,4.35,2.2,1.22,1.57,1.09,0.869,0.551,0.785,0.0272,0.0255
WT,WT5X7_5,7.5,2.21,5.0,4.0,0.23,0.27,,,5.45,2.71,1.5,1.57,1.45,1.15,0.723,0.81,0.0518,0.0475
WT,WT5X8_5,8.5,2.5,5.06,4.01,0.24,0.33,,,6.06,2.9,1.62,1.56,1.78,1.4,0.887,0.844,0.0776,0.061
WT,WT5X9_5,9.5,2.81,5.12,4.02,0.25,0.395,,,6.68,3.1,1.74,1.54,2.15,1.67,1.07,0.874,0.116,0.0796
WT,WT6X105,105.0,30.9,7.36,12.8,1.18,1.9,,,92.1,34.5,16.4,1.73,332.0,79.7,51.9,3.28,32.1,112.0
WT,WT6X11,11.0,3.24,6.16,4.03,0.26,0.425,,,11.7,4.63,2.59,1.9,2.33,1.83,1.15,0.847,0.146,0.137
WT,WT6X115,115.0,33.8,7.53,12.9,1.29,2.07,,,106.0,39.4,18.5,1.77,371.0,88.4,57.5,3.31,41.6,148.0
WT,WT6X126,126.0,37.1,7.71,13.0,1.4,2.25,,,121.0,44.8,20.9,1.81,414.0,97.9,63.6,3.34,53.5,195.0
WT,WT6X13,13.0,3.82,6.11,6.49,0.23,0.38,,,11.7,4.2,2.4,1.75,8.66,4.08,2.67,1.51,0.15,0.174
WT,WT6X139_5,139.5,41.0,7.93,13.1,1.53,2.47,,,141.0,51.9,24.1,1.86,469.0,110.0,71.3,3.38,70.9,267.0
WT,WT6X15,15.0,4.4,6.17,6.52,0.26,0.44,,,13.5,4.83,2.75,1.75,10.2,4.78,3.12,1.52,0.228,0.267
WT,WT6X152_5,152.5,44.7,8.16,13.2,1.63,2.71,,,162.0,59.1,27.0,1.9,525.0,122.0,79.3,3.42,92.0,356.0
WT,WT6X168,168.0,49.5,8.41,13.4,1.78,2.96,,,190.0,68.4,31.2,1.96,593.0,137.0,88.6,3.47,120.0,481.0
WT,WT6X17_5,17.5,5.17,6.25,6.56,0.3,0.52,,,16.0,5.71,3.23,1.76,12.2,5.73,3.73,1.54,0.369,0.437
WT,WT6X20,20.0,5.84,5.97,8.01,0.295,0.515,,,14.4,5.28,2.95,1.57,22.0,8.38,5.5,1.94,0.452,0.62
WT,WT6X22_5,22.5,6.56,6.03,8.05,0.335,0.575,,,16.6,6.1,3.39,1.59,25.0,9.47,6.21,1.95,0.627,0.885
WT,WT6X25,25.0,7.3,6.1,8.08,0.37,0.64,,,18.7,6.88,3.79,1.6,28.2,10.6,6.97,1.96,0.855,1.23
WT,WT6X26_5,26.5,7.78,6.03,10.0,0.345,0.575,,,17.7,6.46,3.54,1.51,47.9,14.5,9.58,2.48,0.788,1.53
WT,WT6X29,29.0,8.52,6.1,10.0,0.36,0.64,,,19.1,6.97,3.76,1.5,53.5,16.2,10.7,2.51,1.05,2.08
WT,WT6X32_5,32.5,9.54,6.06,12.0,0.39,0.605,,,20.6,7.5,4.06,1.47,87.2,22.0,14.5,3.02,1.09,2.97
WT,WT6X36,36.0,10.6,6.13,12.0,0.43,0.67,,,23.2,8.48,4.54,1.48,97.5,24.6,16.2,3.04,1.46,4.07
WT,WT6X39_5,39.5,11.6,6.19,12.1,0.47,0.735,,,25.8,9.49,5.03,1.49,108.0,27.1,17.9,3.05,1.91,5.43
WT,WT6X43_5,43.5,12.8,6.27,12.1,0.515,0.81,,,28.9,10.7,5.6,1.5,120.0,30.2,19.9,3.07,2.54,7.34
WT,WT6X48,48.0,14.1,6.36,12.2,0.55,0.9,,,32.0,11.9,6.12,1.51,135.0,33.7,22.2,3.09,3.42,10.1
WT,WT6X53,53.0,15.6,6.45,12.2,0.61,0.99,,,36.3,13.6,6.92,1.53,151.0,37.5,24.7,3.11,4.55,13.6
WT,WT6X60,60.0,17.6,6.56,12.3,0.71,1.11,,,43.4,16.2,8.22,1.57,172.0,42.7,28.0,3.13,6.42,19.7
WT,WT6X68,68.0,20.0,6.71,12.4,0.79,1.25,,,50.6,19.0,9.46,1.59,199.0,48.9,32.1,3.16,9.21,28.9
WT,WT6X7,7.0,2.08,5.96,3.97,0.2,0.225,,,7.67,3.32,1.83,1.92,1.18,0.947,0.593,0.753,0.035,0.0493
WT,WT6X76,76.0,22.4,6.86,12.5,0.87,1.4,,,58.5,22.0,10.8,1.62,227.0,55.6,36.4,3.19,12.8,41.3
WT,WT6X8,8.0,2.36,6.0,3.99,0.22,0.265,,,8.7,3.72,2.04,1.92,1.41,1.13,0.706,0.773,0.0511,0.0678
WT,WT6X85,85.0,25.0,7.02,12.6,0.96,1.56,,,67.8,25.6,12.3,1.65,259.0,62.9,41.2,3.22,17.7,58.3
WT,WT6X95,95.0,28.0,7.19,12.7,1.06,1.74,,,79.0,29.8,14.2,1.68,295.0,71.2,46.5,3.25,24.3,82.1
WT,WT6X9_5,9.5,2.79,6.08,4.01,0.235,0.35,,,10.1,4.11,2.28,1.9,1.88,1.49,0.939,0.821,0.0899,0.0934
WT,WT7X105_5,105.5,31.0,7.86,15.8,0.98,1.56,,,102.0,33.4,16.2,1.81,513.0,98.9,65.0,4.07,22.2,113.0
WT,WT7X11,11.0,3.25,6.87,5.0,0.23,0.335,,,14.8,5.2,2.91,2.14,3.5,2.19,1.4,1.04,0.104,0.134
WT,WT7X116_5,116.5,34.2,8.02,15.9,1.07,1.72,,,116.0,38.2,18.2,1.84,576.0,110.0,72.5,4.1,29.6,154.0
WT,WT7X128_5,128.5,37.8,8.19,16.0,1.18,1.89,,,133.0,43.9,20.7,1.88,645.0,123.0,80.7,4.13,39.3,209.0
WT,WT7X13,13.0,3.85,6.96,5.03,0.255,0.42,,,17.3,5.89,3.31,2.12,4.45,2.76,1.77,1.08,0.179,0.207
WT,WT7X141_5,141.5,41.6,8.37,16.1,1.29,2.07,,,153.0,50.4,23.5,1.92,722.0,137.0,89.7,4.17,51.8,281.0
WT,WT7X15,15.0,4.42,6.92,6.73,0.27,0.385,,,19.0,6.25,3.55,2.07,9.79,4.49,2.91,1.49,0.19,0.287
WT,WT7X155_5,155.5,45.7,8.56,16.2,1.41,2.26,,,176.0,57.7,26.7,1.96,807.0,152.0,99.4,4.2,67.5,375.0
WT,WT7X17,17.0,5.0,6.99,6.75,0.285,0.455,,,20.9,6.74,3.83,2.04,11.6,5.32,3.45,1.53,0.284,0.4
WT,WT7X171,171.0,50.3,8.77,16.4,1.54,2.47,,,203.0,66.2,30.4,2.01,903.0,169.0,110.0,4.24,88.3,502.0
WT,WT7X185,185.0,54.4,8.96,16.5,1.66,2.66,,,229.0,74.4,33.9,2.05,994.0,185.0,121.0,4.27,110.0,640.0
WT,WT7X19,19.0,5.58,7.05,6.77,0.31,0.515,,,23.3,7.45,4.22,2.04,13.3,6.07,3.94,1.55,0.398,0.554
WT,WT7X199,199.0,58.4,9.15,16.6,1.77,2.85,,,257.0,82.9,37.6,2.1,1090.0,201.0,131.0,4.31,135.0,801.0
WT,WT7X213,213.0,62.7,9.34,16.7,1.88,3.04,,,287.0,91.7,41.4,2.14,1180.0,217.0,141.0,4.34,164.0,991.0
WT,WT7X21_5,21.5,6.31,6.83,8.0,0.305,0.53,,,21.9,7.05,3.98,1.86,22.6,8.64,5.65,1.89,0.522,0.751
WT,WT7X227_5,227.5,66.9,9.51,16.8,2.02,3.21,,,321.0,102.0,45.9,2.19,1280.0,234.0,152.0,4.38,196.0,1210.0
WT,WT7X24,24.0,7.07,6.9,8.03,0.34,0.595,,,24.9,8.0,4.49,1.88,25.7,9.8,6.4,1.91,0.723,1.07
WT,WT7X250,250.0,73.5,9.8,17.0,2.19,3.5,,,375.0,117.0,52.7,2.26,1440.0,261.0,169.0,4.43,254.0,1620.0
WT,WT7X26_5,26.5,7.8,6.96,8.06,0.37,0.66,,,27.6,8.87,4.94,1.88,28.8,11.0,7.15,1.92,0.967,1.46
WT,WT7X275,275.0,80.9,10.1,17.2,2.38,3.82,,,442.0,136.0,60.9,2.34,1630.0,292.0,189.0,4.49,331.0,2180.0
WT,WT7X302_5,302.5,89.0,10.5,17.4,2.6,4.16,,,524.0,157.0,70.6,2.43,1840.0,326.0,211.0,4.55,430.0,2930.0
WT,WT7X30_5,30.5,8.96,6.95,10.0,0.375,0.645,,,28.9,9.15,5.07,1.8,53.7,16.4,10.7,2.45,1.09,2.29
WT,WT7X332_5,332.5,97.8,10.8,17.7,2.83,4.52,,,622.0,182.0,82.1,2.52,2080.0,365.0,236.0,4.62,555.0,3920.0
WT,WT7X34,34.0,10.0,7.02,10.0,0.415,0.72,,,32.6,10.4,5.69,1.81,60.7,18.4,12.1,2.46,1.5,3.21
WT,WT7X365,365.0,107.0,11.2,17.9,3.07,4.91,,,739.0,211.0,95.4,2.62,2360.0,408.0,264.0,4.69,714.0,5250.0
WT,WT7X37,37.0,10.9,7.09,10.1,0.45,0.785,,,36.0,11.5,6.25,1.82,66.9,20.2,13.3,2.48,1.93,4.19
WT,WT7X404,404.0,119.0,11.4,18.6,3.74,5.12,,,898.0,249.0,116.0,2.75,2770.0,465.0,298.0,4.82,898.0,7000.0
WT,WT7X41,41.0,12.0,7.16,10.1,0.51,0.855,,,41.2,13.2,7.14,1.85,74.1,22.4,14.6,2.48,2.53,5.63
WT,WT7X436_5,436.5,129.0,11.8,18.8,3.94,5.51,,,1040.0,281.0,131.0,2.84,3080.0,511.0,328.0,4.89,1110.0,8980.0
WT,WT7X45,45.0,13.2,7.01,14.5,0.44,0.71,,,36.5,11.5,6.16,1.66,181.0,37.8,25.0,3.7,2.03,8.31
WT,WT7X49_5,49.5,14.6,7.08,14.6,0.485,0.78,,,40.9,12.9,6.88,1.67,201.0,41.8,27.6,3.71,2.68,11.1
WT,WT7X54_5,54.5,16.0,7.16,14.6,0.525,0.86,,,45.3,14.4,7.56,1.68,223.0,46.3,30.6,3.73,3.55,15.0
WT,WT7X60,60.0,17.7,7.24,14.7,0.59,0.94,,,51.7,16.5,8.61,1.71,247.0,51.2,33.7,3.74,4.67,20.0
WT,WT7X66,66.0,19.4,7.33,14.7,0.645,1.03,,,57.8,18.6,9.57,1.73,274.0,56.5,37.2,3.76,6.13,26.6
WT,WT7X72_5,72.5,21.3,7.39,15.5,0.68,1.09,,,62.5,20.2,10.2,1.71,338.0,66.2,43.7,3.98,7.56,36.3
WT,WT7X79_5,79.5,23.4,7.49,15.6,0.745,1.19,,,70.2,22.8,11.4,1.73,374.0,73.0,48.1,4.0,9.84,47.9
WT,WT7X88,88.0,25.9,7.61,15.7,0.83,1.31,,,80.5,26.3,13.0,1.76,419.0,81.3,53.5,4.02,13.2,65.2
WT,WT7X96_5,96.5,28.4,7.74,15.7,0.89,1.44,,,89.8,29.4,14.4,1.78,466.0,90.1,59.3,4.05,17.3,87.2
WT,WT8X13,13.0,3.84,7.85,5.5,0.25,0.345,,,23.5,7.36,4.09,2.47,4.79,2.73,1.74,1.12,0.13,0.243
WT,WT8X15_5,15.5,4.56,7.94,5.53,0.275,0.44,,,27.5,8.27,4.64,2.45,6.2,3.51,2.24,1.17,0.23,0.366
WT,WT8X18,18.0,5.29,7.93,6.99,0.295,0.43,,,30.6,8.93,5.05,2.41,12.2,5.42,3.5,1.52,0.272,0.516
WT,WT8X20,20.0,5.89,8.01,7.0,0.305,0.505,,,33.1,9.43,5.35,2.37,14.4,6.36,4.12,1.56,0.396,0.673
WT,WT8X22_5,22.5,6.63,8.07,7.04,0.345,0.565,,,37.8,10.8,6.1,2.39,16.4,7.22,4.67,1.57,0.555,0.974
WT,WT8X25,25.0,7.37,8.13,7.07,0.38,0.63,,,42.3,12.0,6.78,2.4,18.6,8.15,5.26,1.59,0.76,1.34
WT,WT8X28_5,28.5,8.39,8.22,7.12,0.43,0.715,,,48.7,13.8,7.77,2.41,21.6,9.42,6.06,1.6,1.1,1.99
WT,WT8X33_5,33.5,9.81,8.17,10.2,0.395,0.665,,,48.6,13.0,7.36,2.22,59.5,17.7,11.6,2.46,1.19,3.01
WT,WT8X38_5,38.5,11.3,8.26,10.3,0.455,0.76,,,56.9,15.3,8.59,2.24,69.2,20.5,13.4,2.47,1.78,4.61
WT,WT8X44_5,44.5,13.1,8.38,10.4,0.525,0.875,,,67.2,18.1,10.1,2.27,81.3,24.0,15.7,2.49,2.72,7.19
WT,WT8X50,50.0,14.7,8.49,10.4,0.585,0.985,,,76.8,20.7,11.4,2.28,93.1,27.4,17.9,2.51,3.85,10.4
WT,WT9X105_5,105.5,31.2,10.3,11.6,1.06,1.91,,,229.0,55.0,29.1,2.72,246.0,66.1,42.7,2.82,29.1,102.0
WT,WT9X117,117.0,34.3,10.5,11.7,1.16,2.11,,,261.0,62.4,32.7,2.75,279.0,74.4,47.9,2.85,39.1,140.0
WT,WT9X129,129.0,38.0,10.7,11.8,1.28,2.3,,,298.0,71.0,37.0,2.8,314.0,83.1,53.4,2.88,51.1,189.0
WT,WT9X141_5,141.5,41.7,10.9,11.9,1.4,2.5,,,337.0,80.2,41.5,2.85,352.0,92.5,59.2,2.91,66.5,251.0
WT,WT9X155_5,155.5,45.8,11.2,12.0,1.52,2.74,,,383.0,90.6,46.6,2.89,398.0,104.0,66.2,2.95,87.2,339.0
WT,WT9X17_5,17.5,5.15,8.85,6.0,0.3,0.425,,,40.1,11.2,6.21,2.79,7.67,4.02,2.56,1.22,0.252,0.598
WT,WT9X20,20.0,5.88,8.95,6.02,0.315,0.525,,,44.8,12.0,6.73,2.76,9.55,4.97,3.17,1.27,0.404,0.788
WT,WT9X23,23.0,6.77,9.03,6.06,0.36,0.605,,,52.1,13.9,7.77,2.77,11.3,5.84,3.71,1.29,0.609,1.2
WT,WT9X25,25.0,7.34,9.0,7.5,0.355,0.57,,,53.5,13.8,7.79,2.7,20.0,8.28,5.35,1.65,0.619,1.36
WT,WT9X27_5,27.5,8.1,9.06,7.53,0.39,0.63,,,59.5,15.3,8.63,2.71,22.5,9.26,5.97,1.67,0.83,1.84
WT,WT9X30,30.0,8.82,9.12,7.56,0.415,0.695,,,64.7,16.5,9.29,2.71,25.0,10.3,6.63,1.68,1.08,2.35
WT,WT9X32_5,32.5,9.55,9.18,7.59,0.45,0.75,,,70.7,18.0,10.1,2.72,27.4,11.2,7.22,1.69,1.36,3.01
WT,WT9X35_5,35.5,10.4,9.24,7.64,0.495,0.81,,,78.2,20.0,11.2,2.74,30.1,12.3,7.89,1.7,1.74,3.96
WT,WT9X38,38.0,11.1,9.11,11.0,0.425,0.68,,,71.8,17.3,9.83,2.54,76.2,21.1,13.8,2.61,1.41,4.37
WT,WT9X43,43.0,12.7,9.2,11.1,0.48,0.77,,,82.4,19.9,11.2,2.55,87.6,24.2,15.8,2.63,2.04,6.42
WT,WT9X48_5,48.5,14.2,9.3,11.1,0.535,0.87,,,93.8,22.6,12.7,2.56,100.0,27.6,18.0,2.65,2.92,9.29
WT,WT9X53,53.0,15.6,9.37,11.2,0.59,0.94,,,104.0,25.2,14.1,2.59,110.0,30.2,19.7,2.66,3.73,12.1
WT,WT9X59_5,59.5,17.6,9.49,11.3,0.655,1.06,,,119.0,28.7,15.9,2.6,126.0,34.5,22.5,2.69,5.3,17.4
WT,WT9X65,65.0,19.2,9.63,11.2,0.67,1.2,,,127.0,30.5,16.7,2.58,139.0,38.3,24.9,2.7,7.23,22.8
WT,WT9X71_5,71.5,21.0,9.75,11.2,0.73,1.32,,,142.0,34.0,18.5,2.6,156.0,42.7,27.7,2.72,9.58,30.7
WT,WT9X79,79.0,23.2,9.86,11.3,0.81,1.44,,,160.0,38.5,20.8,2.63,174.0,47.4,30.7,2.74,12.5,41.2
WT,WT9X87_5,87.5,25.7,10.0,11.4,0.89,1.59,,,181.0,43.6,23.4,2.66,196.0,53.1,34.4,2.76,16.8,56.5
WT,WT9X96,96.0,28.1,10.2,11.5,0.96,1.75,,,202.0,48.5,25.8,2.68,220.0,59.4,38.4,2.79,22.3,75.7
